,mean,sd,hdi_3%,hdi_97%,mcse_mean,mcse_sd,ess_bulk,ess_tail,r_hat
b[3],0.215,0.012,0.194,0.237,0.0,0.0,27432.0,15332.0,1.0
b[12],1.131,0.013,1.106,1.156,0.0,0.0,27731.0,14839.0,1.0
b[29],0.06,0.003,0.055,0.065,0.0,0.0,29020.0,14197.0,1.0
b[11],-0.262,0.026,-0.312,-0.215,0.0,0.0,21282.0,14679.0,1.0
b[1],0.528,0.012,0.506,0.55,0.0,0.0,24545.0,15393.0,1.0
b[2],0.245,0.02,0.205,0.282,0.0,0.0,24749.0,15084.0,1.0
b[5],0.28,0.005,0.271,0.291,0.0,0.0,31344.0,13225.0,1.0
b[18],-0.928,0.025,-0.976,-0.883,0.0,0.0,22843.0,15388.0,1.0
b[24],0.237,0.012,0.215,0.259,0.0,0.0,25058.0,14015.0,1.0
b[30],0.291,0.01,0.272,0.31,0.0,0.0,29832.0,14030.0,1.0
b[0],1.459,0.029,1.403,1.513,0.0,0.0,13109.0,14822.0,1.0
b[8],0.105,0.01,0.087,0.124,0.0,0.0,28070.0,14833.0,1.0
b[14],-1.184,0.053,-1.279,-1.082,0.0,0.0,27759.0,14859.0,1.0
b[20],0.134,0.007,0.12,0.148,0.0,0.0,25732.0,14970.0,1.0
b[27],0.101,0.021,0.062,0.141,0.0,0.0,16490.0,15754.0,1.0
b[7],-1.418,0.02,-1.457,-1.381,0.0,0.0,31244.0,14551.0,1.0
b[9],1.621,0.021,1.583,1.66,0.0,0.0,30844.0,14107.0,1.0
b[13],0.478,0.027,0.427,0.528,0.0,0.0,30724.0,15073.0,1.0
b[23],-0.522,0.019,-0.556,-0.486,0.0,0.0,28869.0,15081.0,1.0
b[6],-0.034,0.002,-0.038,-0.03,0.0,0.0,31486.0,13934.0,1.0
b[17],-0.91,0.016,-0.938,-0.88,0.0,0.0,30778.0,14031.0,1.0
b[25],0.539,0.013,0.515,0.562,0.0,0.0,25637.0,15364.0,1.0
b[15],1.006,0.011,0.984,1.027,0.0,0.0,29054.0,14255.0,1.0
b[10],0.352,0.015,0.324,0.381,0.0,0.0,23421.0,15275.0,1.0
b[16],0.278,0.019,0.242,0.313,0.0,0.0,24539.0,14824.0,1.0
b[19],0.15,0.005,0.14,0.159,0.0,0.0,18591.0,15630.0,1.0
b[26],-0.18,0.019,-0.217,-0.147,0.0,0.0,27685.0,15367.0,1.0
b[31],-0.728,0.022,-0.77,-0.688,0.0,0.0,28320.0,15310.0,1.0
b[4],-0.358,0.014,-0.384,-0.332,0.0,0.0,27977.0,13740.0,1.0
b[21],-1.191,0.062,-1.306,-1.074,0.0,0.0,31507.0,14700.0,1.0
b[22],0.966,0.008,0.951,0.98,0.0,0.0,28808.0,14591.0,1.0
b[28],1.215,0.008,1.199,1.231,0.0,0.0,28117.0,14197.0,1.0
d[3],-0.762,0.02,-0.8,-0.724,0.0,0.0,24682.0,15548.0,1.0
d[12],-0.391,0.014,-0.417,-0.364,0.0,0.0,29460.0,14121.0,1.0
d[29],-2.577,0.029,-2.631,-2.523,0.0,0.0,29811.0,14985.0,1.0
d[11],-1.24,0.058,-1.347,-1.13,0.0,0.0,31802.0,14007.0,1.0
d[1],-0.566,0.014,-0.593,-0.539,0.0,0.0,27024.0,15710.0,1.0
d[2],-0.376,0.019,-0.412,-0.34,0.0,0.0,29951.0,14115.0,1.0
d[5],-1.539,0.021,-1.579,-1.499,0.0,0.0,25453.0,15377.0,1.0
d[18],-0.61,0.032,-0.67,-0.551,0.0,0.0,26820.0,14471.0,1.0
d[24],-1.595,0.043,-1.68,-1.519,0.0,0.0,26201.0,13889.0,1.0
d[30],-0.753,0.016,-0.783,-0.723,0.0,0.0,31853.0,14023.0,1.0
d[0],-0.481,0.029,-0.536,-0.426,0.0,0.0,17746.0,15434.0,1.0
d[8],-1.504,0.038,-1.575,-1.434,0.0,0.0,23699.0,14806.0,1.0
d[14],0.551,0.022,0.51,0.591,0.0,0.0,30917.0,13988.0,1.0
d[20],-1.569,0.026,-1.618,-1.52,0.0,0.0,23333.0,15185.0,1.0
d[27],-1.038,0.041,-1.115,-0.962,0.0,0.0,17514.0,14278.0,1.0
d[7],0.05,0.014,0.024,0.078,0.0,0.0,29835.0,14880.0,1.0
d[9],0.059,0.015,0.03,0.088,0.0,0.0,28922.0,15047.0,1.0
d[13],0.131,0.021,0.092,0.171,0.0,0.0,23923.0,15214.0,1.0
d[23],-0.286,0.019,-0.32,-0.249,0.0,0.0,30761.0,14492.0,1.0
d[6],-2.379,0.015,-2.407,-2.351,0.0,0.0,31760.0,14344.0,1.0
d[17],-0.137,0.013,-0.161,-0.113,0.0,0.0,30592.0,14561.0,1.0
d[25],-0.714,0.021,-0.754,-0.675,0.0,0.0,25529.0,15224.0,1.0
d[15],-0.728,0.018,-0.762,-0.696,0.0,0.0,28092.0,13671.0,1.0
d[10],-0.564,0.019,-0.599,-0.528,0.0,0.0,26242.0,14338.0,1.0
d[16],-0.374,0.031,-0.433,-0.317,0.0,0.0,21324.0,15466.0,1.0
d[19],-2.068,0.029,-2.124,-2.015,0.0,0.0,20612.0,15369.0,1.0
d[26],-0.412,0.019,-0.448,-0.376,0.0,0.0,31958.0,14478.0,1.0
d[31],-0.926,0.039,-0.999,-0.852,0.0,0.0,32388.0,13733.0,1.0
d[4],-0.169,0.013,-0.193,-0.146,0.0,0.0,31251.0,13741.0,1.0
d[21],0.735,0.022,0.694,0.775,0.0,0.0,29099.0,13318.0,1.0
d[22],-0.785,0.014,-0.811,-0.76,0.0,0.0,27566.0,14962.0,1.0
d[28],-0.219,0.007,-0.233,-0.206,0.0,0.0,26340.0,14851.0,1.0
a[3],-0.435,0.045,-0.52,-0.35,0.001,0.0,3233.0,8346.0,1.0
a[12],-0.328,0.032,-0.387,-0.266,0.001,0.0,2034.0,5014.0,1.0
a[29],-0.174,0.039,-0.248,-0.102,0.001,0.0,2669.0,6739.0,1.0
a[11],-1.97,0.104,-2.167,-1.779,0.001,0.001,12376.0,13477.0,1.0
a[1],-0.288,0.046,-0.376,-0.203,0.001,0.0,3655.0,9071.0,1.0
a[2],-0.813,0.057,-0.919,-0.706,0.001,0.0,5271.0,10567.0,1.0
a[5],-0.522,0.051,-0.619,-0.428,0.001,0.0,3811.0,9408.0,1.0
a[18],-0.011,0.032,-0.07,0.049,0.001,0.0,1792.0,5413.0,1.0
a[24],-0.045,0.033,-0.107,0.017,0.001,0.0,1977.0,5250.0,1.0
a[30],-0.208,0.038,-0.281,-0.137,0.001,0.0,2631.0,6538.0,1.0
a[0],-1.118,0.06,-1.23,-1.003,0.001,0.0,5369.0,9923.0,1.0
a[8],0.137,0.032,0.078,0.198,0.001,0.0,1894.0,4751.0,1.0
a[14],-0.984,0.052,-1.083,-0.889,0.001,0.0,4529.0,9684.0,1.0
a[20],-1.093,0.058,-1.203,-0.984,0.001,0.0,5574.0,10639.0,1.0
a[27],-0.355,0.052,-0.454,-0.257,0.001,0.0,3931.0,9599.0,1.0
a[7],-0.014,0.034,-0.078,0.051,0.001,0.0,1997.0,5126.0,1.0
a[9],-0.329,0.035,-0.395,-0.263,0.001,0.0,2283.0,6781.0,1.0
a[13],-0.1,0.033,-0.163,-0.04,0.001,0.0,1930.0,4891.0,1.0
a[23],-0.304,0.042,-0.38,-0.225,0.001,0.0,3191.0,8016.0,1.0
a[6],-0.368,0.044,-0.452,-0.285,0.001,0.0,3157.0,7048.0,1.0
a[17],-0.084,0.029,-0.139,-0.029,0.001,0.0,1623.0,4474.0,1.0
a[25],-0.233,0.045,-0.318,-0.151,0.001,0.0,3428.0,8005.0,1.0
a[15],-0.563,0.034,-0.629,-0.502,0.001,0.0,2189.0,5927.0,1.0
a[10],-0.89,0.05,-0.991,-0.801,0.001,0.0,4162.0,8614.0,1.0
a[16],-0.233,0.047,-0.32,-0.144,0.001,0.0,3409.0,8610.0,1.0
a[19],-0.522,0.047,-0.611,-0.433,0.001,0.0,3435.0,9326.0,1.0
a[26],-0.209,0.033,-0.272,-0.148,0.001,0.0,2054.0,6154.0,1.0
a[31],-0.243,0.034,-0.308,-0.18,0.001,0.0,2113.0,5494.0,1.0
a[4],-0.358,0.042,-0.437,-0.279,0.001,0.0,3119.0,7548.0,1.0
a[21],-0.673,0.039,-0.744,-0.599,0.001,0.0,2649.0,6316.0,1.0
a[22],-1.104,0.07,-1.24,-0.976,0.001,0.001,7113.0,12124.0,1.0
a[28],-0.385,0.046,-0.472,-0.299,0.001,0.0,3940.0,9153.0,1.0
G_diff,0.746,0.135,0.492,0.999,0.001,0.001,9395.0,11311.0,1.0
theta[74],-1.178,0.463,-2.062,-0.331,0.003,0.004,27818.0,13326.0,1.0
theta[735],0.476,0.151,0.196,0.758,0.002,0.001,9415.0,11064.0,1.0
theta[733],-0.123,0.161,-0.416,0.195,0.002,0.001,11311.0,13056.0,1.0
theta[705],-0.86,0.189,-1.216,-0.504,0.002,0.002,12810.0,12985.0,1.0
theta[527],0.409,0.157,0.115,0.699,0.002,0.001,9368.0,12222.0,1.0
theta[710],0.127,0.157,-0.161,0.426,0.002,0.001,10345.0,12441.0,1.0
theta[897],0.526,0.156,0.242,0.825,0.002,0.001,9718.0,11813.0,1.0
theta[804],0.037,0.149,-0.228,0.334,0.002,0.001,8557.0,11236.0,1.0
theta[934],-0.971,0.194,-1.331,-0.606,0.002,0.002,11024.0,12620.0,1.0
theta[887],-0.637,0.167,-0.958,-0.329,0.002,0.001,11648.0,12443.0,1.0
theta[1043],0.413,0.162,0.104,0.718,0.002,0.001,10124.0,12139.0,1.0
theta[912],0.522,0.187,0.164,0.868,0.002,0.002,12300.0,12054.0,1.0
theta[506],0.436,0.283,-0.092,0.975,0.002,0.003,24720.0,11735.0,1.0
theta[193],-2.789,0.16,-3.077,-2.484,0.002,0.001,4204.0,8833.0,1.0
theta[378],0.738,0.15,0.457,1.023,0.002,0.001,7908.0,11536.0,1.0
theta[216],-0.091,0.165,-0.402,0.223,0.002,0.001,11700.0,11621.0,1.0
theta[676],-0.841,0.152,-1.13,-0.556,0.002,0.001,7949.0,11804.0,1.0
theta[699],0.881,0.154,0.597,1.179,0.002,0.001,8555.0,10717.0,1.0
theta[44],-0.162,0.238,-0.606,0.285,0.002,0.002,20071.0,13131.0,1.0
theta[1158],0.557,0.139,0.3,0.823,0.002,0.001,8180.0,12175.0,1.0
theta[242],-0.242,0.199,-0.616,0.13,0.002,0.002,16269.0,13436.0,1.0
theta[759],-0.152,0.175,-0.485,0.172,0.002,0.001,12898.0,13405.0,1.0
theta[82],0.05,0.147,-0.225,0.323,0.001,0.001,9662.0,11573.0,1.0
theta[443],0.868,0.166,0.561,1.183,0.002,0.001,9208.0,12641.0,1.0
theta[929],0.576,0.148,0.296,0.853,0.002,0.001,8834.0,12028.0,1.0
theta[1040],0.453,0.164,0.154,0.767,0.002,0.001,11723.0,11634.0,1.0
theta[838],1.182,0.149,0.904,1.459,0.002,0.001,7361.0,11206.0,1.0
theta[1116],-0.502,0.361,-1.161,0.195,0.002,0.003,31388.0,14439.0,1.0
theta[1],1.2,0.146,0.925,1.478,0.002,0.001,7217.0,11185.0,1.0
theta[326],0.324,0.158,0.027,0.619,0.002,0.001,9912.0,11972.0,1.0
theta[692],1.045,0.155,0.756,1.334,0.002,0.001,7237.0,11530.0,1.0
theta[3],-0.256,0.186,-0.607,0.092,0.001,0.001,16709.0,14030.0,1.0
theta[493],-0.01,0.18,-0.337,0.344,0.002,0.001,13481.0,12526.0,1.0
theta[775],0.503,0.151,0.223,0.786,0.002,0.001,9159.0,11516.0,1.0
theta[519],0.646,0.15,0.356,0.92,0.002,0.001,9280.0,11196.0,1.0
theta[845],-0.214,0.182,-0.558,0.128,0.002,0.001,14233.0,13331.0,1.0
theta[277],0.847,0.16,0.543,1.142,0.002,0.001,10190.0,11481.0,1.0
theta[1169],0.203,0.155,-0.091,0.488,0.001,0.001,11660.0,11660.0,1.0
theta[12],-0.689,0.214,-1.076,-0.276,0.002,0.002,19161.0,12684.0,1.0
theta[249],-0.259,0.22,-0.679,0.148,0.002,0.002,19494.0,12632.0,1.0
theta[245],0.545,0.636,-0.656,1.739,0.004,0.006,30713.0,12761.0,1.0
theta[64],0.564,0.143,0.294,0.831,0.002,0.001,8357.0,12627.0,1.0
theta[511],0.373,0.153,0.088,0.659,0.002,0.001,9890.0,11995.0,1.0
theta[1190],-0.496,0.178,-0.83,-0.164,0.002,0.001,12198.0,12218.0,1.0
theta[77],-0.366,0.156,-0.656,-0.076,0.002,0.001,10567.0,12336.0,1.0
theta[1180],0.958,0.141,0.694,1.224,0.002,0.001,7609.0,12409.0,1.0
theta[150],1.415,0.143,1.149,1.684,0.002,0.001,6670.0,11228.0,1.0
theta[1049],0.326,0.155,0.034,0.617,0.001,0.001,10772.0,13065.0,1.0
theta[238],0.477,0.154,0.185,0.763,0.002,0.001,9402.0,11573.0,1.0
theta[57],-1.622,0.473,-2.522,-0.739,0.003,0.004,30598.0,14330.0,1.0
theta[764],0.735,0.146,0.465,1.016,0.002,0.001,7495.0,10810.0,1.0
theta[175],0.694,0.207,0.314,1.091,0.002,0.002,17512.0,12465.0,1.0
theta[1000],-0.016,0.168,-0.328,0.303,0.002,0.001,11752.0,12323.0,1.0
theta[756],-0.418,0.176,-0.747,-0.081,0.002,0.002,12199.0,11763.0,1.0
theta[761],-0.522,0.158,-0.815,-0.222,0.002,0.001,9117.0,12229.0,1.0
theta[959],-1.46,0.221,-1.883,-1.053,0.002,0.002,14006.0,13209.0,1.0
theta[789],0.781,0.149,0.507,1.062,0.002,0.001,8501.0,11885.0,1.0
theta[67],-0.571,0.181,-0.914,-0.237,0.002,0.002,13935.0,11814.0,1.0
theta[304],0.51,0.142,0.237,0.773,0.001,0.001,9025.0,11446.0,1.0
theta[63],-2.987,0.304,-3.55,-2.404,0.002,0.002,15080.0,12791.0,1.0
theta[768],0.38,0.154,0.099,0.678,0.002,0.001,9859.0,10871.0,1.0
theta[1095],-0.136,0.169,-0.466,0.166,0.002,0.001,11268.0,11910.0,1.0
theta[795],0.966,0.15,0.69,1.257,0.002,0.001,9338.0,12366.0,1.0
theta[465],-0.763,0.225,-1.17,-0.333,0.002,0.002,14818.0,11846.0,1.0
theta[796],-0.294,0.165,-0.608,0.009,0.001,0.001,12183.0,13305.0,1.0
theta[1091],0.991,0.146,0.719,1.267,0.002,0.001,7256.0,12162.0,1.0
theta[106],-0.393,0.159,-0.692,-0.097,0.002,0.001,10794.0,12640.0,1.0
theta[66],0.441,0.163,0.142,0.753,0.002,0.001,11587.0,11553.0,1.0
theta[276],0.838,0.146,0.562,1.111,0.002,0.001,7891.0,10276.0,1.0
theta[855],-0.354,0.164,-0.67,-0.056,0.001,0.001,12727.0,13288.0,1.0
theta[1047],0.924,0.159,0.639,1.237,0.002,0.001,9017.0,12099.0,1.0
theta[146],-0.583,0.173,-0.904,-0.26,0.002,0.001,11943.0,12113.0,1.0
theta[510],-0.361,0.184,-0.698,-0.019,0.002,0.001,12600.0,13228.0,1.0
theta[145],0.706,0.145,0.436,0.981,0.002,0.001,7879.0,11401.0,1.0
theta[318],0.452,0.16,0.152,0.752,0.001,0.001,11784.0,12414.0,1.0
theta[1083],0.571,0.144,0.292,0.838,0.002,0.001,8306.0,12442.0,1.0
theta[703],0.82,0.14,0.565,1.094,0.002,0.001,6563.0,11466.0,1.0
theta[938],0.512,0.164,0.199,0.816,0.002,0.001,9567.0,11784.0,1.0
theta[1014],1.173,0.146,0.9,1.446,0.002,0.001,7275.0,12397.0,1.0
theta[313],-1.262,0.163,-1.576,-0.961,0.002,0.001,9250.0,11722.0,1.0
theta[964],0.662,0.141,0.405,0.933,0.002,0.001,8197.0,12366.0,1.0
theta[984],0.891,0.167,0.578,1.206,0.002,0.001,10433.0,12658.0,1.0
theta[1160],-1.53,0.147,-1.803,-1.252,0.002,0.001,5929.0,9701.0,1.0
theta[1109],-0.075,0.192,-0.441,0.281,0.002,0.002,16169.0,13696.0,1.0
theta[429],0.134,0.175,-0.193,0.459,0.002,0.001,12086.0,11487.0,1.0
theta[1135],0.487,0.152,0.194,0.758,0.002,0.001,8176.0,11674.0,1.0
theta[1152],-0.483,0.176,-0.815,-0.148,0.002,0.001,10201.0,13162.0,1.0
theta[508],-1.087,0.172,-1.408,-0.766,0.002,0.001,9596.0,11612.0,1.0
theta[169],-0.475,0.225,-0.908,-0.063,0.002,0.002,17997.0,14213.0,1.0
theta[628],-0.278,0.159,-0.574,0.023,0.002,0.001,11006.0,12444.0,1.0
theta[930],0.884,0.149,0.615,1.176,0.002,0.001,8397.0,11092.0,1.0
theta[482],-2.339,0.263,-2.842,-1.858,0.002,0.002,12012.0,12610.0,1.0
theta[961],1.202,0.147,0.923,1.477,0.002,0.001,6255.0,10936.0,1.0
theta[1148],-0.16,0.156,-0.455,0.134,0.002,0.001,9134.0,12514.0,1.0
theta[98],-0.339,0.179,-0.677,-0.004,0.001,0.001,14261.0,12975.0,1.0
theta[736],-0.108,0.206,-0.507,0.273,0.001,0.002,19600.0,14492.0,1.0
theta[536],0.543,0.15,0.264,0.829,0.002,0.001,9317.0,12453.0,1.0
theta[987],-0.434,0.157,-0.728,-0.14,0.002,0.001,10903.0,12403.0,1.0
theta[862],-2.627,0.165,-2.938,-2.315,0.003,0.001,4135.0,10402.0,1.0
theta[99],-2.116,0.148,-2.395,-1.84,0.002,0.001,4765.0,9464.0,1.0
theta[1079],-0.274,0.15,-0.554,0.009,0.002,0.001,9075.0,12815.0,1.0
theta[244],-2.451,0.217,-2.85,-2.038,0.002,0.002,8659.0,11499.0,1.0
theta[601],-0.677,0.182,-1.015,-0.334,0.002,0.001,13380.0,10810.0,1.0
theta[129],0.889,0.148,0.615,1.172,0.002,0.001,7587.0,9852.0,1.0
theta[639],0.811,0.181,0.471,1.153,0.002,0.001,12937.0,12254.0,1.0
theta[941],-1.541,0.152,-1.83,-1.258,0.002,0.001,6728.0,11639.0,1.0
theta[84],-2.507,0.156,-2.796,-2.208,0.002,0.001,4290.0,8214.0,1.0
theta[973],-2.491,0.174,-2.812,-2.16,0.002,0.001,5489.0,9657.0,1.0
theta[359],0.864,0.146,0.588,1.132,0.002,0.001,7841.0,12624.0,1.0
theta[841],-1.175,0.16,-1.479,-0.881,0.002,0.001,7688.0,13327.0,1.0
theta[389],-0.551,0.163,-0.869,-0.253,0.002,0.001,11826.0,10565.0,1.0
theta[380],-0.079,0.158,-0.371,0.221,0.002,0.001,10032.0,11556.0,1.0
theta[14],-0.414,0.155,-0.698,-0.12,0.002,0.001,9693.0,11518.0,1.0
theta[1141],0.569,0.146,0.297,0.845,0.002,0.001,8643.0,12220.0,1.0
theta[750],1.039,0.144,0.764,1.302,0.002,0.001,7043.0,10971.0,1.0
theta[472],-1.429,0.177,-1.765,-1.099,0.002,0.001,9078.0,12389.0,1.0
theta[656],0.597,0.169,0.284,0.921,0.002,0.001,11330.0,11732.0,1.0
theta[412],-0.511,0.17,-0.828,-0.187,0.002,0.001,12042.0,12563.0,1.0
theta[125],0.289,0.16,-0.007,0.595,0.002,0.001,11375.0,12091.0,1.0
theta[4],0.644,0.145,0.376,0.922,0.002,0.001,7803.0,12130.0,1.0
theta[97],-2.396,0.248,-2.855,-1.923,0.002,0.002,11332.0,11190.0,1.0
theta[1099],0.095,0.18,-0.243,0.433,0.002,0.001,12350.0,12890.0,1.0
theta[723],-0.924,0.157,-1.216,-0.626,0.002,0.001,8214.0,11284.0,1.0
theta[1088],-0.241,0.154,-0.522,0.054,0.002,0.001,9033.0,12970.0,1.0
theta[707],1.462,0.159,1.166,1.764,0.002,0.001,6963.0,10947.0,1.0
theta[777],0.84,0.188,0.489,1.195,0.002,0.002,11490.0,11866.0,1.0
theta[597],0.222,0.15,-0.062,0.503,0.002,0.001,9079.0,12761.0,1.0
theta[37],1.089,0.164,0.782,1.399,0.002,0.001,8166.0,11858.0,1.0
theta[452],-1.402,0.478,-2.306,-0.521,0.003,0.004,31514.0,13493.0,1.0
theta[272],0.93,0.167,0.619,1.247,0.002,0.001,11401.0,13242.0,1.0
theta[999],-0.649,0.157,-0.945,-0.354,0.002,0.001,9470.0,11994.0,1.0
theta[1035],-1.718,0.178,-2.055,-1.383,0.002,0.001,7768.0,11272.0,1.0
theta[438],-0.859,0.173,-1.177,-0.529,0.002,0.001,10107.0,11472.0,1.0
theta[672],-0.058,0.183,-0.403,0.283,0.002,0.001,14410.0,12262.0,1.0
theta[279],1.375,0.149,1.099,1.659,0.002,0.001,7155.0,11841.0,1.0
theta[981],0.741,0.212,0.35,1.14,0.002,0.002,15840.0,12698.0,1.0
theta[546],0.344,0.159,0.038,0.635,0.002,0.001,10364.0,11888.0,1.0
theta[1134],0.398,0.155,0.109,0.695,0.002,0.001,10276.0,12957.0,1.0
theta[370],0.079,0.16,-0.217,0.384,0.001,0.001,12300.0,12300.0,1.0
theta[334],1.114,0.146,0.838,1.384,0.002,0.001,6466.0,10256.0,1.0
theta[394],-0.194,0.16,-0.502,0.101,0.002,0.001,11117.0,12070.0,1.0
theta[818],-2.433,0.389,-3.171,-1.718,0.002,0.003,24939.0,12153.0,1.0
theta[932],1.312,0.178,0.978,1.652,0.002,0.001,9344.0,11988.0,1.0
theta[107],-1.723,0.396,-2.481,-0.977,0.002,0.003,29111.0,13939.0,1.0
theta[156],0.469,0.162,0.174,0.785,0.002,0.001,11495.0,12212.0,1.0
theta[514],-0.345,0.214,-0.756,0.047,0.002,0.002,17448.0,13675.0,1.0
theta[490],1.43,0.154,1.131,1.713,0.002,0.001,6390.0,11263.0,1.0
theta[274],-0.521,0.175,-0.851,-0.193,0.002,0.001,12863.0,13317.0,1.0
theta[450],1.306,0.149,1.036,1.589,0.002,0.001,7291.0,10814.0,1.0
theta[455],0.621,0.159,0.323,0.921,0.002,0.001,9667.0,12411.0,1.0
theta[896],-2.3,0.288,-2.847,-1.758,0.002,0.002,14816.0,13307.0,1.0
theta[555],-0.519,0.255,-1.02,-0.063,0.002,0.002,23944.0,12949.0,1.0
theta[466],-0.258,0.181,-0.598,0.082,0.002,0.001,11581.0,13128.0,1.0
theta[158],-0.977,0.164,-1.289,-0.673,0.002,0.001,8568.0,12238.0,1.0
theta[808],0.238,0.159,-0.065,0.529,0.001,0.001,12629.0,10937.0,1.0
theta[889],0.631,0.147,0.346,0.902,0.002,0.001,7261.0,11541.0,1.0
theta[62],0.233,0.167,-0.071,0.558,0.002,0.001,11072.0,12012.0,1.0
theta[444],-2.491,1.003,-4.352,-0.601,0.006,0.008,29504.0,13421.0,1.0
theta[662],-0.263,0.165,-0.588,0.035,0.002,0.001,11930.0,12965.0,1.0
theta[826],-0.782,0.185,-1.129,-0.437,0.002,0.001,12456.0,13301.0,1.0
theta[484],0.759,0.164,0.452,1.065,0.002,0.001,10388.0,11299.0,1.0
theta[224],1.149,0.156,0.86,1.445,0.002,0.001,8305.0,12466.0,1.0
theta[588],-0.853,0.158,-1.148,-0.557,0.002,0.001,10490.0,13104.0,1.0
theta[255],1.107,0.166,0.792,1.417,0.002,0.001,9514.0,12365.0,1.0
theta[827],-0.698,0.159,-0.997,-0.405,0.002,0.001,10577.0,11801.0,1.0
theta[954],1.053,0.167,0.734,1.359,0.002,0.001,9736.0,13822.0,1.0
theta[641],0.638,0.162,0.327,0.934,0.002,0.001,8771.0,12612.0,1.0
theta[147],1.162,0.157,0.854,1.445,0.002,0.001,7481.0,12300.0,1.0
theta[258],1.149,0.157,0.862,1.451,0.002,0.001,7836.0,12064.0,1.0
theta[43],1.162,0.148,0.885,1.442,0.002,0.001,6893.0,11455.0,1.0
theta[290],-2.465,0.227,-2.892,-2.036,0.002,0.002,9756.0,13538.0,1.0
theta[572],0.018,0.157,-0.276,0.315,0.001,0.001,11953.0,12968.0,1.0
theta[60],0.24,0.167,-0.065,0.562,0.002,0.001,10817.0,12500.0,1.0
theta[421],-0.405,0.581,-1.48,0.712,0.003,0.005,32322.0,12962.0,1.0
theta[365],0.535,0.272,0.026,1.05,0.002,0.002,25639.0,13573.0,1.0
theta[257],0.782,0.165,0.474,1.098,0.002,0.001,10946.0,13021.0,1.0
theta[1084],0.567,0.151,0.279,0.848,0.002,0.001,8514.0,12594.0,1.0
theta[386],0.055,0.165,-0.249,0.37,0.001,0.001,12856.0,13356.0,1.0
theta[177],-2.593,0.479,-3.506,-1.705,0.003,0.004,24933.0,12365.0,1.0
theta[839],0.527,0.16,0.238,0.837,0.002,0.001,9137.0,11497.0,1.0
theta[446],0.912,0.156,0.613,1.202,0.002,0.001,7988.0,11651.0,1.0
theta[312],0.793,0.152,0.515,1.09,0.002,0.001,8245.0,11269.0,1.0
theta[1021],0.194,0.17,-0.128,0.512,0.002,0.001,12847.0,12445.0,1.0
theta[1114],-0.057,0.152,-0.343,0.227,0.001,0.001,11423.0,10993.0,1.0
theta[952],-0.823,0.21,-1.234,-0.445,0.002,0.002,13504.0,13001.0,1.0
theta[602],0.76,0.145,0.492,1.036,0.002,0.001,7540.0,11773.0,1.0
theta[520],1.046,0.147,0.767,1.316,0.002,0.001,7116.0,10985.0,1.0
theta[300],0.767,0.189,0.424,1.137,0.002,0.001,12603.0,13187.0,1.0
theta[92],-0.53,0.164,-0.846,-0.233,0.002,0.001,9415.0,12457.0,1.0
theta[165],-2.837,0.221,-3.247,-2.413,0.002,0.002,7780.0,10677.0,1.0
theta[9],-0.277,0.158,-0.581,0.017,0.002,0.001,10073.0,11853.0,1.0
theta[507],0.834,0.15,0.558,1.119,0.002,0.001,8809.0,11660.0,1.0
theta[522],-1.439,0.208,-1.831,-1.059,0.002,0.002,11234.0,11532.0,1.0
theta[908],-0.123,0.175,-0.467,0.196,0.001,0.001,16721.0,14371.0,1.0
theta[403],0.851,0.143,0.586,1.124,0.002,0.001,8110.0,11843.0,1.0
theta[58],-2.922,0.174,-3.242,-2.591,0.003,0.002,4510.0,8875.0,1.0
theta[343],0.485,0.15,0.193,0.759,0.002,0.001,8261.0,12722.0,1.0
theta[430],-0.042,0.162,-0.361,0.243,0.001,0.001,16303.0,11073.0,1.0
theta[898],0.813,0.162,0.508,1.115,0.002,0.001,9850.0,11741.0,1.0
theta[268],0.388,0.154,0.094,0.678,0.002,0.001,9378.0,11545.0,1.0
theta[560],0.11,0.174,-0.213,0.439,0.002,0.001,11735.0,13003.0,1.0
theta[558],0.877,0.155,0.582,1.161,0.002,0.001,7894.0,11724.0,1.0
theta[1011],0.471,0.162,0.165,0.774,0.002,0.001,10477.0,13029.0,1.0
theta[677],1.208,0.154,0.925,1.504,0.002,0.001,7506.0,9716.0,1.0
theta[112],-1.719,0.264,-2.218,-1.223,0.002,0.002,17447.0,12730.0,1.0
theta[305],0.503,0.201,0.115,0.869,0.002,0.002,15320.0,13223.0,1.0
theta[877],1.028,0.15,0.752,1.317,0.002,0.001,7292.0,10211.0,1.0
theta[517],1.359,0.153,1.069,1.645,0.002,0.001,6847.0,10821.0,1.0
theta[181],-1.663,0.153,-1.949,-1.376,0.002,0.001,6504.0,9697.0,1.0
theta[598],0.693,0.167,0.378,1.004,0.002,0.001,10732.0,12119.0,1.0
theta[117],-0.276,0.186,-0.625,0.073,0.002,0.001,13806.0,13262.0,1.0
theta[41],-0.958,0.155,-1.249,-0.664,0.002,0.001,8833.0,11717.0,1.0
theta[652],0.864,0.151,0.588,1.158,0.002,0.001,8142.0,10889.0,1.0
theta[1136],0.516,0.151,0.233,0.795,0.002,0.001,9329.0,13343.0,1.0
theta[659],-0.344,0.162,-0.645,-0.034,0.002,0.001,10390.0,13697.0,1.0
theta[923],0.467,0.147,0.2,0.746,0.001,0.001,10458.0,12842.0,1.0
theta[801],0.943,0.158,0.637,1.232,0.002,0.001,9357.0,12512.0,1.0
theta[456],0.102,0.164,-0.21,0.407,0.001,0.001,11910.0,10594.0,1.0
theta[689],0.979,0.165,0.665,1.283,0.002,0.001,9502.0,11611.0,1.0
theta[875],0.363,0.157,0.073,0.653,0.002,0.001,10946.0,12114.0,1.0
theta[748],0.774,0.148,0.501,1.054,0.002,0.001,7296.0,11798.0,1.0
theta[179],1.0,0.159,0.701,1.291,0.002,0.001,8537.0,12756.0,1.0
theta[760],0.044,0.158,-0.248,0.348,0.002,0.001,9660.0,10917.0,1.0
theta[715],0.2,0.163,-0.115,0.497,0.002,0.001,11268.0,12283.0,1.0
theta[241],-2.97,0.2,-3.347,-2.596,0.003,0.002,6082.0,9629.0,1.0
theta[39],1.173,0.148,0.9,1.451,0.002,0.001,7014.0,11498.0,1.0
theta[374],-2.053,0.298,-2.625,-1.503,0.002,0.003,16918.0,12782.0,1.0
theta[401],0.124,0.181,-0.213,0.464,0.002,0.002,12499.0,13275.0,1.0
theta[734],-0.595,0.183,-0.941,-0.258,0.002,0.001,12666.0,13627.0,1.0
theta[1122],0.375,0.15,0.095,0.658,0.002,0.001,8910.0,10965.0,1.0
theta[992],-0.44,0.225,-0.857,-0.017,0.002,0.002,18351.0,13286.0,1.0
theta[976],0.075,0.172,-0.26,0.386,0.002,0.001,10523.0,12026.0,1.0
theta[144],0.743,0.144,0.47,1.016,0.002,0.001,9056.0,12779.0,1.0
theta[869],-1.15,0.159,-1.458,-0.858,0.002,0.001,8128.0,10363.0,1.0
theta[1147],0.694,0.271,0.189,1.205,0.002,0.002,21334.0,12944.0,1.0
theta[1052],0.632,0.159,0.33,0.927,0.002,0.001,9196.0,12720.0,1.0
theta[745],1.395,0.15,1.115,1.675,0.002,0.001,7326.0,11294.0,1.0
theta[626],-0.978,0.178,-1.321,-0.652,0.002,0.001,11307.0,11940.0,1.0
theta[1151],0.815,0.155,0.513,1.096,0.002,0.001,8096.0,10998.0,1.0
theta[586],-0.973,0.157,-1.268,-0.674,0.002,0.001,9753.0,11730.0,1.0
theta[632],0.84,0.146,0.566,1.115,0.002,0.001,7812.0,11807.0,1.0
theta[532],-2.73,0.199,-3.11,-2.364,0.003,0.002,6218.0,11187.0,1.0
theta[608],-0.217,0.153,-0.51,0.067,0.002,0.001,9081.0,11693.0,1.0
theta[939],0.939,0.172,0.616,1.263,0.002,0.001,9995.0,12693.0,1.0
theta[751],0.413,0.173,0.091,0.739,0.002,0.001,11428.0,13185.0,1.0
theta[786],0.71,0.15,0.434,0.994,0.002,0.001,8695.0,11349.0,1.0
theta[660],-1.108,0.168,-1.431,-0.795,0.002,0.001,11104.0,12833.0,1.0
theta[726],0.666,0.147,0.384,0.935,0.002,0.001,9456.0,12279.0,1.0
theta[90],-2.955,0.175,-3.298,-2.636,0.003,0.001,4672.0,9145.0,1.0
theta[155],-0.276,0.165,-0.588,0.03,0.002,0.001,11703.0,14067.0,1.0
theta[543],-0.085,0.184,-0.436,0.252,0.002,0.001,14245.0,13110.0,1.0
theta[317],-0.115,0.187,-0.456,0.248,0.002,0.001,13651.0,13772.0,1.0
theta[414],0.214,0.171,-0.102,0.538,0.002,0.001,12179.0,12073.0,1.0
theta[974],0.001,0.15,-0.289,0.273,0.001,0.001,10868.0,11231.0,1.0
theta[87],0.077,0.149,-0.201,0.36,0.002,0.001,9874.0,13471.0,1.0
theta[728],0.808,0.147,0.535,1.086,0.002,0.001,7885.0,12022.0,1.0
theta[405],0.6,0.156,0.3,0.887,0.002,0.001,10141.0,11997.0,1.0
theta[407],0.162,0.174,-0.177,0.474,0.002,0.001,10397.0,12927.0,1.0
theta[539],0.746,0.144,0.479,1.018,0.002,0.001,7687.0,12197.0,1.0
theta[1055],-1.075,0.659,-2.239,0.2,0.004,0.006,30336.0,13151.0,1.0
theta[410],0.036,0.167,-0.277,0.352,0.002,0.001,10197.0,11855.0,1.0
theta[524],0.987,0.162,0.677,1.284,0.002,0.001,10569.0,11958.0,1.0
theta[849],-0.353,0.185,-0.703,-0.012,0.002,0.002,14489.0,13449.0,1.0
theta[888],1.154,0.15,0.863,1.431,0.002,0.001,8081.0,11645.0,1.0
theta[478],-0.364,0.173,-0.692,-0.043,0.002,0.001,10673.0,13483.0,1.0
theta[681],0.45,0.172,0.121,0.77,0.002,0.001,12605.0,12477.0,1.0
theta[925],0.024,0.245,-0.447,0.479,0.002,0.002,20631.0,12564.0,1.0
theta[1005],-0.194,0.157,-0.486,0.1,0.002,0.001,9203.0,12504.0,1.0
theta[772],1.152,0.165,0.85,1.47,0.002,0.001,7888.0,10979.0,1.0
theta[686],-2.3,0.328,-2.935,-1.703,0.003,0.003,17033.0,12328.0,1.0
theta[27],-0.358,0.157,-0.659,-0.068,0.002,0.001,10531.0,12267.0,1.0
theta[1092],0.437,0.178,0.109,0.777,0.002,0.001,11219.0,12580.0,1.0
theta[1078],1.026,0.156,0.729,1.313,0.002,0.001,7980.0,11003.0,1.0
theta[640],-0.836,0.173,-1.165,-0.514,0.002,0.001,12693.0,13174.0,1.0
theta[956],-1.353,0.17,-1.676,-1.037,0.002,0.001,9470.0,12238.0,1.0
theta[157],0.304,0.16,0.005,0.606,0.002,0.001,8731.0,11324.0,1.0
theta[457],-0.059,0.149,-0.337,0.226,0.001,0.001,11874.0,11314.0,1.0
theta[851],0.846,0.153,0.565,1.138,0.002,0.001,8290.0,12850.0,1.0
theta[891],0.926,0.149,0.644,1.21,0.002,0.001,9375.0,11251.0,1.0
theta[435],-2.537,0.181,-2.864,-2.188,0.002,0.002,5825.0,10220.0,1.0
theta[476],0.487,0.157,0.189,0.775,0.001,0.001,11582.0,12481.0,1.0
theta[474],0.089,0.162,-0.215,0.394,0.002,0.001,10292.0,11729.0,1.0
theta[554],0.843,0.147,0.568,1.122,0.002,0.001,8245.0,12393.0,1.0
theta[1191],0.288,0.161,-0.023,0.584,0.002,0.001,11049.0,12511.0,1.0
theta[42],-1.197,0.274,-1.708,-0.681,0.002,0.002,22405.0,14039.0,1.0
theta[80],0.975,0.147,0.695,1.248,0.002,0.001,7050.0,10074.0,1.0
theta[162],1.378,0.154,1.086,1.663,0.002,0.001,7678.0,10590.0,1.0
theta[173],-2.029,0.38,-2.756,-1.335,0.002,0.003,26010.0,13306.0,1.0
theta[848],-0.239,0.181,-0.587,0.094,0.002,0.002,13783.0,12468.0,1.0
theta[220],-0.903,0.196,-1.266,-0.526,0.002,0.002,13647.0,11468.0,1.0
theta[483],-1.996,0.183,-2.347,-1.658,0.002,0.002,7923.0,10880.0,1.0
theta[690],-1.998,0.398,-2.776,-1.273,0.003,0.003,24878.0,13783.0,1.0
theta[163],-0.543,0.187,-0.889,-0.184,0.002,0.001,15236.0,12657.0,1.0
theta[619],0.847,0.152,0.565,1.133,0.002,0.001,9065.0,9508.0,1.0
theta[61],0.469,0.167,0.159,0.784,0.002,0.001,9839.0,10499.0,1.0
theta[730],0.359,0.156,0.066,0.66,0.002,0.001,10107.0,11762.0,1.0
theta[71],1.131,0.15,0.856,1.419,0.002,0.001,7155.0,9508.0,1.0
theta[766],0.908,0.154,0.616,1.197,0.002,0.001,7740.0,11598.0,1.0
theta[8],-2.03,0.17,-2.345,-1.703,0.002,0.001,6250.0,10116.0,1.0
theta[834],-1.909,0.161,-2.211,-1.607,0.002,0.001,6063.0,10698.0,1.0
theta[892],0.464,0.155,0.163,0.752,0.002,0.001,9182.0,12681.0,1.0
theta[416],0.46,0.175,0.141,0.798,0.002,0.001,11637.0,12617.0,1.0
theta[924],0.195,0.154,-0.095,0.481,0.002,0.001,10007.0,13635.0,1.0
theta[344],1.658,0.159,1.359,1.96,0.002,0.001,6978.0,11636.0,1.0
theta[989],0.773,0.156,0.488,1.073,0.002,0.001,8431.0,11483.0,1.0
theta[574],0.645,0.169,0.327,0.962,0.002,0.001,10750.0,11750.0,1.0
theta[903],0.777,0.155,0.493,1.079,0.002,0.001,8419.0,11500.0,1.0
theta[295],0.306,0.167,0.001,0.629,0.001,0.001,12716.0,12887.0,1.0
theta[634],0.673,0.158,0.375,0.964,0.002,0.001,10064.0,11317.0,1.0
theta[807],0.064,0.15,-0.219,0.341,0.002,0.001,9039.0,11371.0,1.0
theta[1103],0.346,0.155,0.058,0.645,0.002,0.001,10399.0,11262.0,1.0
theta[566],0.851,0.153,0.561,1.131,0.002,0.001,8900.0,11660.0,1.0
theta[194],-1.36,0.151,-1.639,-1.071,0.002,0.001,6674.0,12165.0,1.0
theta[531],-1.172,0.158,-1.47,-0.878,0.002,0.001,7401.0,9364.0,1.0
theta[217],0.412,0.158,0.116,0.71,0.002,0.001,9056.0,12851.0,1.0
theta[828],0.221,0.154,-0.071,0.504,0.001,0.001,11397.0,11218.0,1.0
theta[1056],1.052,0.148,0.769,1.325,0.002,0.001,5862.0,11417.0,1.0
theta[570],-1.81,0.271,-2.29,-1.283,0.002,0.002,18984.0,13281.0,1.0
theta[1074],0.418,0.166,0.11,0.725,0.001,0.001,14740.0,12400.0,1.0
theta[449],0.139,0.181,-0.209,0.473,0.002,0.002,14285.0,12492.0,1.0
theta[310],0.274,0.16,-0.037,0.563,0.001,0.001,12733.0,12622.0,1.0
theta[159],0.771,0.153,0.483,1.059,0.002,0.001,8521.0,10960.0,1.0
theta[54],0.325,0.15,0.062,0.621,0.001,0.001,10382.0,11078.0,1.0
theta[614],0.689,0.155,0.396,0.98,0.002,0.001,9149.0,12373.0,1.0
theta[990],-1.976,0.208,-2.377,-1.595,0.002,0.002,9979.0,12839.0,1.0
theta[746],0.563,0.173,0.236,0.886,0.002,0.001,11377.0,12963.0,1.0
theta[512],0.108,0.188,-0.248,0.462,0.002,0.002,15161.0,12796.0,1.0
theta[400],0.709,0.158,0.409,0.996,0.002,0.001,10539.0,11512.0,1.0
theta[212],-0.526,0.159,-0.823,-0.225,0.002,0.001,9935.0,11396.0,1.0
theta[251],-0.604,0.157,-0.89,-0.296,0.002,0.001,9872.0,11899.0,1.0
theta[350],-1.092,0.155,-1.372,-0.794,0.002,0.001,7760.0,10930.0,1.0
theta[709],0.251,0.145,-0.021,0.524,0.001,0.001,10392.0,12171.0,1.0
theta[675],-0.438,0.217,-0.845,-0.026,0.002,0.002,18552.0,12739.0,1.0
theta[927],-1.115,0.149,-1.39,-0.834,0.002,0.001,8332.0,11411.0,1.0
theta[262],-0.756,0.168,-1.067,-0.432,0.002,0.001,10491.0,11300.0,1.0
theta[271],1.303,0.155,1.015,1.598,0.002,0.001,6852.0,11185.0,1.0
theta[164],-0.422,0.199,-0.784,-0.041,0.002,0.002,16303.0,12726.0,1.0
theta[914],0.568,0.154,0.277,0.851,0.002,0.001,10327.0,12969.0,1.0
theta[550],0.718,0.188,0.362,1.073,0.002,0.002,12518.0,12938.0,1.0
theta[285],0.066,0.156,-0.21,0.381,0.002,0.001,10620.0,10694.0,1.0
theta[292],0.974,0.14,0.701,1.228,0.002,0.001,7276.0,12097.0,1.0
theta[1173],-0.028,0.318,-0.65,0.561,0.002,0.003,29012.0,13679.0,1.0
theta[233],1.035,0.157,0.742,1.332,0.002,0.001,8371.0,12308.0,1.0
theta[535],-0.124,0.167,-0.451,0.176,0.002,0.001,11186.0,12821.0,1.0
theta[206],0.819,0.157,0.524,1.112,0.002,0.001,8660.0,12450.0,1.0
theta[379],-0.547,0.16,-0.839,-0.234,0.002,0.001,11157.0,13605.0,1.0
theta[1032],-1.566,0.201,-1.958,-1.199,0.002,0.002,10640.0,13026.0,1.0
theta[1137],-0.639,0.202,-1.023,-0.261,0.002,0.002,17560.0,13145.0,1.0
theta[1017],0.476,0.155,0.186,0.763,0.002,0.001,9715.0,11305.0,1.0
theta[331],-0.426,0.314,-1.025,0.165,0.002,0.003,28405.0,11761.0,1.0
theta[1053],0.398,0.15,0.126,0.688,0.001,0.001,9998.0,11103.0,1.0
theta[200],0.831,0.145,0.552,1.098,0.002,0.001,7410.0,12645.0,1.0
theta[668],-0.607,0.182,-0.94,-0.259,0.002,0.002,11977.0,12456.0,1.0
theta[790],0.758,0.15,0.479,1.04,0.002,0.001,8102.0,11940.0,1.0
theta[170],-0.459,0.167,-0.771,-0.143,0.001,0.001,14684.0,12463.0,1.0
theta[693],1.119,0.15,0.838,1.405,0.002,0.001,7325.0,11307.0,1.0
theta[11],-1.824,0.259,-2.316,-1.34,0.002,0.002,14394.0,12043.0,1.0
theta[1167],0.445,0.152,0.155,0.722,0.002,0.001,9148.0,11308.0,1.0
theta[497],0.919,0.141,0.651,1.178,0.002,0.001,6894.0,11162.0,1.0
theta[26],0.925,0.145,0.645,1.188,0.002,0.001,7256.0,11886.0,1.0
theta[739],-0.626,0.158,-0.919,-0.326,0.001,0.001,12175.0,13923.0,1.0
theta[281],0.946,0.142,0.681,1.215,0.002,0.001,6908.0,12045.0,1.0
theta[998],-0.037,0.152,-0.328,0.247,0.001,0.001,10593.0,11693.0,1.0
theta[886],0.678,0.15,0.398,0.959,0.002,0.001,8446.0,11823.0,1.0
theta[197],-1.161,0.168,-1.467,-0.84,0.002,0.001,10430.0,12381.0,1.0
theta[1082],0.611,0.148,0.33,0.883,0.002,0.001,8272.0,11655.0,1.0
theta[494],0.454,0.151,0.184,0.747,0.001,0.001,11048.0,11628.0,1.0
theta[1026],-0.811,0.155,-1.095,-0.517,0.002,0.001,8708.0,11533.0,1.0
theta[1019],0.848,0.154,0.553,1.13,0.002,0.001,8643.0,11451.0,1.0
theta[1142],-0.71,0.187,-1.065,-0.366,0.002,0.001,14369.0,13103.0,1.0
theta[321],0.172,0.154,-0.127,0.454,0.002,0.001,9712.0,11843.0,1.0
theta[328],-0.133,0.179,-0.486,0.187,0.002,0.001,11827.0,13549.0,1.0
theta[182],0.663,0.159,0.371,0.968,0.002,0.001,10284.0,10602.0,1.0
theta[831],0.658,0.16,0.354,0.952,0.002,0.001,10574.0,12894.0,1.0
theta[865],-0.711,0.201,-1.086,-0.336,0.001,0.002,18536.0,12499.0,1.0
theta[486],-0.001,0.181,-0.345,0.337,0.001,0.002,15120.0,12640.0,1.0
theta[803],-1.58,0.436,-2.38,-0.738,0.002,0.003,32907.0,14067.0,1.0
theta[23],0.586,0.145,0.319,0.863,0.002,0.001,8003.0,10398.0,1.0
theta[360],0.332,0.153,0.034,0.609,0.002,0.001,8821.0,11895.0,1.0
theta[368],-0.165,0.154,-0.466,0.113,0.002,0.001,10068.0,13181.0,1.0
theta[1063],0.97,0.157,0.673,1.264,0.002,0.001,8385.0,11424.0,1.0
theta[644],0.825,0.155,0.532,1.112,0.002,0.001,8668.0,12504.0,1.0
theta[1033],0.597,0.151,0.324,0.889,0.002,0.001,8710.0,12547.0,1.0
theta[201],-2.257,0.388,-2.991,-1.519,0.002,0.003,24621.0,12727.0,1.0
theta[1172],0.408,0.154,0.106,0.686,0.002,0.001,9441.0,13325.0,1.0
theta[116],0.904,0.154,0.624,1.198,0.002,0.001,7969.0,11347.0,1.0
theta[785],0.301,0.158,0.003,0.594,0.001,0.001,13087.0,13106.0,1.0
theta[288],0.368,0.152,0.076,0.647,0.002,0.001,9871.0,13183.0,1.0
theta[307],-0.508,0.233,-0.928,-0.048,0.002,0.002,22542.0,13015.0,1.0
theta[256],-0.065,0.558,-1.13,0.947,0.003,0.005,32221.0,13179.0,1.0
theta[806],-0.61,0.175,-0.946,-0.287,0.002,0.001,12407.0,12616.0,1.0
theta[740],-2.306,0.164,-2.623,-2.007,0.002,0.001,5499.0,9909.0,1.0
theta[946],-0.367,0.243,-0.816,0.1,0.002,0.002,24267.0,12332.0,1.0
theta[1150],0.939,0.149,0.648,1.209,0.002,0.001,7393.0,10541.0,1.0
theta[595],-1.356,0.191,-1.723,-1.01,0.002,0.001,13707.0,12857.0,1.0
theta[207],-1.001,0.236,-1.43,-0.544,0.002,0.002,20102.0,12614.0,1.0
theta[584],0.278,0.162,-0.026,0.583,0.001,0.001,13319.0,12820.0,1.0
theta[540],0.456,0.167,0.15,0.781,0.002,0.001,11871.0,12658.0,1.0
theta[518],-2.647,0.186,-3.012,-2.317,0.003,0.001,5545.0,8800.0,1.0
theta[88],0.371,0.153,0.086,0.659,0.002,0.001,10351.0,12587.0,1.0
theta[791],0.886,0.153,0.593,1.169,0.002,0.001,7770.0,10753.0,1.0
theta[819],0.174,0.174,-0.147,0.505,0.002,0.001,12898.0,12301.0,1.0
theta[704],0.431,0.157,0.134,0.726,0.001,0.001,11554.0,12638.0,1.0
theta[178],-0.765,0.177,-1.102,-0.437,0.002,0.001,12303.0,13375.0,1.0
theta[21],-0.13,0.165,-0.439,0.18,0.002,0.001,11507.0,12434.0,1.0
theta[627],0.205,0.175,-0.135,0.524,0.001,0.001,15046.0,12841.0,1.0
theta[126],0.509,0.146,0.235,0.782,0.002,0.001,9193.0,12055.0,1.0
theta[578],-1.191,0.175,-1.528,-0.874,0.002,0.001,9685.0,11544.0,1.0
theta[782],0.847,0.155,0.553,1.131,0.002,0.001,8931.0,11852.0,1.0
theta[349],0.245,0.146,-0.027,0.519,0.002,0.001,8694.0,11896.0,1.0
theta[1164],0.976,0.199,0.599,1.343,0.002,0.002,13518.0,11895.0,1.0
theta[477],0.174,0.176,-0.163,0.497,0.001,0.001,13781.0,14024.0,1.0
theta[931],-0.04,0.168,-0.357,0.275,0.001,0.001,14674.0,13383.0,1.0
theta[341],0.136,0.17,-0.179,0.457,0.002,0.001,11888.0,12570.0,1.0
theta[874],-1.483,0.178,-1.823,-1.152,0.002,0.001,8740.0,11504.0,1.0
theta[22],-0.769,0.299,-1.335,-0.226,0.002,0.002,23669.0,14397.0,1.0
theta[576],-0.148,0.17,-0.476,0.161,0.002,0.001,11599.0,11394.0,1.0
theta[1018],0.892,0.149,0.618,1.177,0.002,0.001,7791.0,12061.0,1.0
theta[439],-1.397,0.169,-1.715,-1.077,0.002,0.001,8050.0,11645.0,1.0
theta[489],-0.895,0.181,-1.236,-0.558,0.002,0.002,11680.0,12331.0,1.0
theta[1065],-2.146,0.172,-2.476,-1.829,0.002,0.001,6973.0,9966.0,1.0
theta[541],0.544,0.152,0.263,0.834,0.001,0.001,10672.0,13449.0,1.0
theta[651],-0.719,0.213,-1.116,-0.316,0.002,0.002,15999.0,12401.0,1.0
theta[237],0.825,0.152,0.541,1.114,0.002,0.001,9430.0,10883.0,1.0
theta[575],-0.525,0.149,-0.813,-0.253,0.002,0.001,9496.0,12279.0,1.0
theta[606],0.711,0.154,0.43,1.009,0.002,0.001,8664.0,12336.0,1.0
theta[585],-1.39,0.277,-1.922,-0.886,0.002,0.002,21255.0,13808.0,1.0
theta[154],0.454,0.152,0.171,0.745,0.002,0.001,9048.0,12934.0,1.0
theta[988],-1.456,0.184,-1.791,-1.093,0.002,0.002,9922.0,11312.0,1.0
theta[423],-0.861,0.201,-1.238,-0.485,0.002,0.002,12978.0,11426.0,1.0
theta[711],-0.759,0.165,-1.066,-0.448,0.002,0.001,9435.0,12016.0,1.0
theta[872],1.032,0.155,0.744,1.324,0.002,0.001,7494.0,11573.0,1.0
theta[5],-0.058,0.356,-0.711,0.622,0.002,0.003,33053.0,12294.0,1.0
theta[1029],0.898,0.144,0.629,1.166,0.002,0.001,7090.0,11562.0,1.0
theta[647],0.213,0.184,-0.132,0.565,0.002,0.002,13213.0,13226.0,1.0
theta[629],-0.226,0.162,-0.524,0.086,0.002,0.001,10859.0,11918.0,1.0
theta[70],0.309,0.16,0.016,0.618,0.001,0.001,11450.0,12452.0,1.0
theta[398],0.053,0.173,-0.27,0.381,0.002,0.001,10205.0,13120.0,1.0
theta[227],-0.821,0.215,-1.229,-0.423,0.002,0.002,16291.0,12162.0,1.0
theta[419],-1.678,0.226,-2.103,-1.25,0.002,0.002,12062.0,12277.0,1.0
theta[654],0.434,0.169,0.122,0.756,0.002,0.001,11268.0,13755.0,1.0
theta[406],-1.248,0.154,-1.531,-0.952,0.002,0.001,8025.0,11609.0,1.0
theta[850],0.473,0.155,0.191,0.776,0.002,0.001,8688.0,10822.0,1.0
theta[314],-2.956,0.273,-3.478,-2.45,0.002,0.002,12699.0,11863.0,1.0
theta[135],0.488,0.158,0.194,0.789,0.002,0.001,10074.0,11956.0,1.0
theta[339],-0.881,0.352,-1.53,-0.211,0.002,0.003,26584.0,13622.0,1.0
theta[411],-0.466,0.321,-1.092,0.112,0.002,0.003,26103.0,11880.0,1.0
theta[1129],0.788,0.164,0.493,1.1,0.002,0.001,10217.0,12199.0,1.0
theta[798],0.703,0.154,0.414,0.995,0.002,0.001,9039.0,10430.0,1.0
theta[180],-2.075,0.365,-2.773,-1.399,0.002,0.003,25223.0,13193.0,1.0
theta[706],0.449,0.17,0.118,0.76,0.001,0.001,13073.0,13113.0,1.0
theta[46],0.622,0.148,0.34,0.894,0.002,0.001,8129.0,12452.0,1.0
theta[556],-0.306,0.164,-0.614,0.004,0.002,0.001,10628.0,11697.0,1.0
theta[513],0.865,0.148,0.594,1.151,0.002,0.001,7589.0,11590.0,1.0
theta[684],0.917,0.145,0.644,1.192,0.002,0.001,7364.0,11699.0,1.0
theta[1107],0.196,0.149,-0.088,0.468,0.002,0.001,9571.0,12579.0,1.0
theta[830],-0.686,0.321,-1.28,-0.074,0.002,0.003,29151.0,12522.0,1.0
theta[75],-1.76,0.349,-2.409,-1.096,0.002,0.003,22231.0,14063.0,1.0
theta[770],-0.183,0.158,-0.465,0.128,0.002,0.001,10176.0,11688.0,1.0
theta[755],-0.212,0.209,-0.599,0.175,0.002,0.002,18991.0,12537.0,1.0
theta[187],-1.414,0.23,-1.853,-0.993,0.002,0.002,13487.0,13075.0,1.0
theta[1080],-1.327,0.174,-1.652,-0.999,0.002,0.001,9791.0,11608.0,1.0
theta[915],0.682,0.149,0.393,0.953,0.002,0.001,8034.0,12274.0,1.0
theta[462],-0.41,0.16,-0.703,-0.098,0.001,0.001,12321.0,12797.0,1.0
theta[620],-1.004,0.175,-1.337,-0.683,0.002,0.001,9847.0,10912.0,1.0
theta[1022],0.955,0.154,0.658,1.237,0.002,0.001,8534.0,12210.0,1.0
theta[246],0.86,0.148,0.584,1.143,0.002,0.001,8621.0,12551.0,1.0
theta[569],0.751,0.151,0.475,1.039,0.002,0.001,7402.0,11816.0,1.0
theta[247],-0.175,0.156,-0.466,0.12,0.002,0.001,10069.0,11546.0,1.0
theta[29],0.476,0.168,0.152,0.782,0.002,0.001,11370.0,12893.0,1.0
theta[424],-0.389,0.191,-0.752,-0.036,0.002,0.002,15491.0,12234.0,1.0
theta[811],-2.312,0.183,-2.647,-1.956,0.002,0.001,6668.0,10532.0,1.0
theta[534],-0.529,0.316,-1.099,0.092,0.002,0.003,28753.0,13377.0,1.0
theta[1132],0.529,0.158,0.236,0.822,0.002,0.001,11151.0,13172.0,1.0
theta[980],-1.106,0.453,-1.954,-0.254,0.003,0.004,31859.0,13866.0,1.0
theta[332],0.652,0.153,0.371,0.946,0.002,0.001,9809.0,12885.0,1.0
theta[918],-0.006,0.214,-0.411,0.387,0.002,0.002,16515.0,13383.0,1.0
theta[19],0.652,0.159,0.35,0.949,0.002,0.001,10359.0,12474.0,1.0
theta[17],1.166,0.158,0.872,1.464,0.002,0.001,8230.0,11505.0,1.0
theta[1105],0.998,0.152,0.718,1.289,0.002,0.001,9060.0,12731.0,1.0
theta[1101],0.714,0.149,0.436,0.993,0.002,0.001,8692.0,11872.0,1.0
theta[166],-1.684,0.202,-2.063,-1.306,0.002,0.002,11220.0,11819.0,1.0
theta[646],-0.208,0.155,-0.496,0.082,0.002,0.001,9692.0,12738.0,1.0
theta[564],-0.107,0.156,-0.404,0.184,0.002,0.001,9406.0,12794.0,1.0
theta[810],1.115,0.141,0.837,1.37,0.002,0.001,6048.0,11235.0,1.0
theta[942],0.766,0.158,0.463,1.055,0.002,0.001,9497.0,11365.0,1.0
theta[228],0.763,0.153,0.467,1.045,0.002,0.001,9527.0,12299.0,1.0
theta[93],1.024,0.163,0.725,1.343,0.002,0.001,8631.0,12136.0,1.0
theta[1004],0.614,0.154,0.32,0.899,0.002,0.001,9402.0,13498.0,1.0
theta[752],0.083,0.153,-0.202,0.371,0.002,0.001,9542.0,13320.0,1.0
theta[749],0.146,0.188,-0.204,0.504,0.002,0.002,14047.0,13095.0,1.0
theta[89],0.807,0.157,0.51,1.101,0.002,0.001,8479.0,12228.0,1.0
theta[440],0.3,0.158,0.004,0.604,0.002,0.001,10533.0,11162.0,1.0
theta[753],1.181,0.146,0.912,1.46,0.002,0.001,7275.0,11981.0,1.0
theta[623],0.295,0.155,0.004,0.589,0.002,0.001,9709.0,11913.0,1.0
theta[922],-1.841,0.232,-2.281,-1.403,0.002,0.002,13081.0,12322.0,1.0
theta[837],-0.006,0.166,-0.314,0.309,0.002,0.001,9626.0,12437.0,1.0
theta[335],0.144,0.173,-0.175,0.481,0.002,0.001,12674.0,11768.0,1.0
theta[552],0.746,0.16,0.452,1.05,0.002,0.001,9489.0,12655.0,1.0
theta[856],-0.066,0.398,-0.815,0.689,0.002,0.003,29953.0,13275.0,1.0
theta[975],0.392,0.159,0.085,0.683,0.002,0.001,10667.0,11570.0,1.0
theta[51],-0.038,0.159,-0.332,0.263,0.001,0.001,11462.0,12132.0,1.0
theta[311],1.1,0.149,0.821,1.38,0.002,0.001,6535.0,12311.0,1.0
theta[250],-0.044,0.177,-0.377,0.295,0.002,0.001,13924.0,14001.0,1.0
theta[377],-0.07,0.156,-0.362,0.228,0.001,0.001,11088.0,12093.0,1.0
theta[121],-1.647,0.262,-2.126,-1.149,0.002,0.002,15976.0,13796.0,1.0
theta[958],-0.575,0.176,-0.907,-0.249,0.002,0.001,13198.0,11779.0,1.0
theta[1062],-2.774,0.195,-3.13,-2.402,0.002,0.002,6382.0,10191.0,1.0
theta[404],-1.591,0.168,-1.924,-1.29,0.002,0.001,6573.0,9368.0,1.0
theta[53],-0.196,0.248,-0.674,0.259,0.002,0.002,24783.0,13219.0,1.0
theta[727],0.645,0.209,0.26,1.04,0.002,0.002,16209.0,13281.0,1.0
theta[528],0.705,0.161,0.407,1.013,0.002,0.001,9826.0,12578.0,1.0
theta[183],0.509,0.151,0.236,0.798,0.002,0.001,9697.0,12125.0,1.0
theta[784],-1.043,0.164,-1.355,-0.737,0.002,0.001,9206.0,12106.0,1.0
theta[669],-2.592,0.216,-2.99,-2.18,0.002,0.002,7754.0,10585.0,1.0
theta[1146],1.122,0.15,0.839,1.403,0.002,0.001,8750.0,10305.0,1.0
theta[479],0.563,0.161,0.267,0.872,0.001,0.001,11918.0,12600.0,1.0
theta[366],0.257,0.154,-0.039,0.541,0.001,0.001,10794.0,11303.0,1.0
theta[218],-0.863,0.169,-1.183,-0.546,0.002,0.001,12200.0,12607.0,1.0
theta[375],0.039,0.149,-0.241,0.321,0.002,0.001,9270.0,11180.0,1.0
theta[420],-0.891,0.225,-1.305,-0.457,0.002,0.002,15907.0,12467.0,1.0
theta[687],1.143,0.164,0.825,1.439,0.002,0.001,8433.0,12392.0,1.0
theta[842],-0.546,0.181,-0.879,-0.197,0.002,0.002,12516.0,11679.0,1.0
theta[30],-1.969,0.337,-2.601,-1.33,0.002,0.003,26045.0,13236.0,1.0
theta[996],0.693,0.172,0.358,1.01,0.002,0.001,11534.0,11972.0,1.0
theta[459],-0.236,0.223,-0.657,0.182,0.002,0.002,18931.0,13111.0,1.0
theta[663],0.84,0.147,0.559,1.113,0.002,0.001,7558.0,11757.0,1.0
theta[1149],0.14,0.158,-0.16,0.432,0.001,0.001,11245.0,12304.0,1.0
theta[222],0.885,0.158,0.583,1.178,0.002,0.001,8756.0,12214.0,1.0
theta[215],-0.985,0.29,-1.517,-0.434,0.002,0.002,28093.0,13615.0,1.0
theta[1127],0.908,0.157,0.602,1.194,0.002,0.001,8546.0,11359.0,1.0
theta[425],0.465,0.177,0.136,0.795,0.002,0.001,12208.0,13026.0,1.0
theta[963],0.584,0.152,0.309,0.885,0.001,0.001,10621.0,12379.0,1.0
theta[96],-0.316,0.181,-0.656,0.026,0.001,0.001,15035.0,12809.0,1.0
theta[916],-0.094,0.167,-0.398,0.231,0.002,0.001,11160.0,11551.0,1.0
theta[325],0.524,0.154,0.236,0.81,0.002,0.001,9360.0,11926.0,1.0
theta[594],1.039,0.149,0.754,1.316,0.002,0.001,8025.0,12417.0,1.0
theta[774],-0.91,0.205,-1.308,-0.538,0.002,0.002,15222.0,12767.0,1.0
theta[79],-2.192,0.266,-2.686,-1.694,0.002,0.002,15549.0,12741.0,1.0
theta[658],0.813,0.164,0.505,1.121,0.001,0.001,12979.0,10951.0,1.0
theta[56],1.126,0.159,0.814,1.412,0.002,0.001,7682.0,11137.0,1.0
theta[589],0.857,0.167,0.544,1.169,0.002,0.001,9159.0,12555.0,1.0
theta[329],0.334,0.172,0.014,0.651,0.002,0.001,12589.0,11590.0,1.0
theta[205],0.976,0.163,0.67,1.278,0.002,0.001,10144.0,11912.0,1.0
theta[95],-1.185,0.163,-1.499,-0.885,0.002,0.001,7665.0,12234.0,1.0
theta[141],-0.394,0.155,-0.686,-0.106,0.002,0.001,10043.0,11958.0,1.0
theta[978],-3.404,0.314,-4.006,-2.824,0.003,0.003,14246.0,13645.0,1.0
theta[431],0.09,0.154,-0.196,0.383,0.002,0.001,9113.0,13323.0,1.0
theta[631],-0.111,0.291,-0.656,0.429,0.002,0.002,25315.0,13669.0,1.0
theta[545],0.761,0.16,0.458,1.058,0.002,0.001,10019.0,12321.0,1.0
theta[399],-0.12,0.479,-1.018,0.776,0.003,0.004,32523.0,13301.0,1.0
theta[442],-0.494,0.182,-0.841,-0.164,0.001,0.001,15656.0,12872.0,1.0
theta[917],0.944,0.145,0.67,1.216,0.002,0.001,7797.0,10600.0,1.0
theta[2],1.062,0.151,0.787,1.353,0.002,0.001,7911.0,11398.0,1.0
theta[780],0.144,0.168,-0.172,0.468,0.002,0.001,11094.0,13339.0,1.0
theta[1176],0.206,0.158,-0.072,0.524,0.001,0.001,11856.0,12178.0,1.0
theta[402],0.518,0.15,0.222,0.791,0.001,0.001,11095.0,12589.0,1.0
theta[721],0.488,0.165,0.177,0.794,0.002,0.001,11133.0,12716.0,1.0
theta[970],0.979,0.151,0.684,1.25,0.002,0.001,9059.0,12049.0,1.0
theta[747],-0.138,0.169,-0.456,0.18,0.002,0.001,11959.0,12275.0,1.0
theta[273],0.518,0.139,0.259,0.78,0.002,0.001,7807.0,11361.0,1.0
theta[232],0.393,0.147,0.124,0.671,0.002,0.001,9141.0,12086.0,1.0
theta[725],-0.308,0.186,-0.659,0.034,0.001,0.002,15426.0,12738.0,1.0
theta[926],0.801,0.144,0.529,1.07,0.002,0.001,7880.0,12470.0,1.0
theta[738],0.772,0.141,0.503,1.039,0.002,0.001,6859.0,11262.0,1.0
theta[363],0.279,0.174,-0.058,0.6,0.002,0.002,11130.0,11955.0,1.0
theta[40],0.517,0.165,0.204,0.821,0.002,0.001,10036.0,13374.0,1.0
theta[1159],0.216,0.174,-0.108,0.545,0.002,0.001,13054.0,12040.0,1.0
theta[1060],0.478,0.146,0.196,0.744,0.002,0.001,8843.0,11765.0,1.0
theta[724],0.582,0.161,0.275,0.886,0.002,0.001,10811.0,12249.0,1.0
theta[737],-0.788,0.156,-1.074,-0.489,0.002,0.001,9121.0,11549.0,1.0
theta[1089],0.172,0.165,-0.143,0.473,0.002,0.001,11807.0,12412.0,1.0
theta[562],0.398,0.155,0.118,0.699,0.002,0.001,9276.0,11751.0,1.0
theta[682],-0.201,0.146,-0.476,0.079,0.001,0.001,10627.0,12684.0,1.0
theta[783],-1.595,0.21,-2.002,-1.211,0.002,0.002,11301.0,13357.0,1.0
theta[847],0.423,0.152,0.145,0.707,0.002,0.001,9105.0,12899.0,1.0
theta[655],-0.252,0.166,-0.564,0.051,0.002,0.001,11020.0,12375.0,1.0
theta[464],-1.714,0.187,-2.085,-1.378,0.002,0.001,10222.0,11891.0,1.0
theta[1042],-0.264,0.192,-0.61,0.111,0.001,0.002,16639.0,13487.0,1.0
theta[742],1.043,0.146,0.764,1.31,0.002,0.001,7421.0,11832.0,1.0
theta[947],0.182,0.174,-0.147,0.509,0.001,0.001,17142.0,12461.0,1.0
theta[168],-2.18,0.257,-2.678,-1.71,0.002,0.002,13022.0,12965.0,1.0
theta[32],0.654,0.16,0.348,0.95,0.001,0.001,11824.0,11383.0,1.0
theta[1130],0.078,0.178,-0.258,0.415,0.002,0.001,14128.0,12862.0,1.0
theta[260],1.036,0.146,0.76,1.31,0.002,0.001,8198.0,12567.0,1.0
theta[434],0.14,0.174,-0.198,0.458,0.002,0.001,12952.0,12749.0,1.0
theta[642],-1.39,0.168,-1.707,-1.076,0.002,0.001,7593.0,10629.0,1.0
theta[716],-1.057,0.177,-1.381,-0.717,0.002,0.001,12542.0,12589.0,1.0
theta[35],0.448,0.165,0.141,0.759,0.002,0.001,10476.0,12790.0,1.0
theta[581],0.298,0.153,0.026,0.602,0.002,0.001,10187.0,12666.0,1.0
theta[1028],0.41,0.149,0.141,0.701,0.002,0.001,9423.0,12605.0,1.0
theta[68],1.085,0.15,0.792,1.36,0.002,0.001,7652.0,11170.0,1.0
theta[345],0.191,0.18,-0.138,0.532,0.002,0.001,13571.0,11797.0,1.0
theta[104],-0.419,0.162,-0.73,-0.12,0.001,0.001,13207.0,12344.0,1.0
theta[1117],0.619,0.163,0.306,0.922,0.002,0.001,9736.0,12180.0,1.0
theta[960],0.194,0.157,-0.092,0.497,0.001,0.001,13168.0,13577.0,1.0
theta[361],1.051,0.187,0.708,1.413,0.002,0.002,11191.0,11991.0,1.0
theta[1125],-0.905,0.181,-1.242,-0.563,0.002,0.001,12721.0,13191.0,1.0
theta[248],0.619,0.164,0.315,0.929,0.001,0.001,12078.0,11222.0,1.0
theta[498],0.631,0.163,0.319,0.935,0.002,0.001,9132.0,12751.0,1.0
theta[549],0.783,0.161,0.485,1.09,0.002,0.001,7991.0,13325.0,1.0
theta[940],0.327,0.156,0.036,0.623,0.002,0.001,9589.0,12698.0,1.0
theta[1086],-1.429,0.242,-1.884,-0.97,0.002,0.002,18010.0,12847.0,1.0
theta[371],-0.19,0.368,-0.89,0.501,0.002,0.003,30363.0,13630.0,1.0
theta[607],0.257,0.215,-0.149,0.656,0.001,0.002,20904.0,13735.0,1.0
theta[499],1.227,0.156,0.937,1.522,0.002,0.001,8597.0,10049.0,1.0
theta[957],-1.474,0.166,-1.78,-1.15,0.002,0.001,7362.0,11366.0,1.0
theta[385],0.066,0.159,-0.236,0.359,0.002,0.001,10094.0,11738.0,1.0
theta[1050],0.881,0.157,0.577,1.165,0.002,0.001,10618.0,12946.0,1.0
theta[649],-1.695,0.221,-2.123,-1.291,0.002,0.002,13009.0,12470.0,1.0
theta[18],-1.602,0.149,-1.883,-1.326,0.002,0.001,6321.0,11698.0,1.0
theta[1145],0.685,0.162,0.384,0.994,0.002,0.001,10572.0,12557.0,1.0
theta[821],0.066,0.171,-0.257,0.386,0.002,0.001,11719.0,12522.0,1.0
theta[717],-0.61,0.191,-0.98,-0.259,0.002,0.002,14897.0,13232.0,1.0
theta[857],0.606,0.17,0.286,0.925,0.002,0.001,12641.0,12584.0,1.0
theta[208],-2.765,0.178,-3.097,-2.427,0.002,0.001,5066.0,9835.0,1.0
theta[866],-0.409,0.164,-0.706,-0.092,0.002,0.001,11797.0,13186.0,1.0
theta[415],-0.544,0.246,-1.014,-0.082,0.002,0.002,23335.0,13551.0,1.0
theta[136],-2.576,0.665,-3.788,-1.285,0.004,0.005,31761.0,13707.0,1.0
theta[1010],0.534,0.164,0.231,0.85,0.001,0.001,12427.0,12771.0,1.0
theta[883],-0.721,0.154,-1.016,-0.438,0.002,0.001,10044.0,12363.0,1.0
theta[781],1.563,0.155,1.27,1.855,0.002,0.001,6614.0,11062.0,1.0
theta[1058],0.18,0.166,-0.131,0.494,0.002,0.001,11434.0,13255.0,1.0
theta[73],-1.096,0.169,-1.419,-0.784,0.002,0.001,10023.0,12623.0,1.0
theta[203],0.232,0.162,-0.07,0.542,0.001,0.001,12553.0,12979.0,1.0
theta[863],0.072,0.163,-0.227,0.383,0.001,0.001,12753.0,12710.0,1.0
theta[720],1.066,0.155,0.781,1.366,0.002,0.001,8011.0,11147.0,1.0
theta[1066],0.883,0.165,0.567,1.192,0.002,0.001,9405.0,12861.0,1.0
theta[920],-0.213,0.153,-0.496,0.076,0.002,0.001,9584.0,13290.0,1.0
theta[773],-0.121,0.166,-0.426,0.198,0.002,0.001,12117.0,13731.0,1.0
theta[951],0.131,0.163,-0.173,0.443,0.002,0.001,11595.0,12870.0,1.0
theta[899],-0.199,0.169,-0.512,0.119,0.002,0.001,10230.0,12752.0,1.0
theta[698],0.193,0.155,-0.091,0.493,0.001,0.001,12327.0,11782.0,1.0
theta[1002],-0.471,0.163,-0.774,-0.166,0.002,0.001,9446.0,12843.0,1.0
theta[306],0.2,0.16,-0.103,0.499,0.001,0.001,11976.0,13657.0,1.0
theta[1156],0.411,0.166,0.087,0.708,0.002,0.001,10796.0,12561.0,1.0
theta[105],0.243,0.172,-0.085,0.561,0.002,0.001,10945.0,13457.0,1.0
theta[296],0.698,0.149,0.419,0.978,0.002,0.001,9133.0,12070.0,1.0
theta[103],0.165,0.182,-0.173,0.511,0.002,0.001,13000.0,12374.0,1.0
theta[997],-0.454,0.176,-0.783,-0.124,0.001,0.002,13851.0,12776.0,1.0
theta[993],0.68,0.166,0.364,0.987,0.002,0.001,11372.0,11163.0,1.0
theta[876],0.429,0.161,0.134,0.74,0.002,0.001,10500.0,12732.0,1.0
theta[805],0.006,0.172,-0.311,0.336,0.001,0.001,13303.0,12821.0,1.0
theta[537],1.288,0.147,1.018,1.571,0.002,0.001,6870.0,10492.0,1.0
theta[286],0.324,0.168,0.003,0.633,0.002,0.001,12476.0,12962.0,1.0
theta[143],0.441,0.161,0.13,0.737,0.002,0.001,10410.0,13374.0,1.0
theta[621],-0.706,0.199,-1.08,-0.328,0.002,0.002,14967.0,13066.0,1.0
theta[78],-0.091,0.173,-0.42,0.229,0.001,0.001,13905.0,13370.0,1.0
theta[283],-2.6,0.16,-2.898,-2.294,0.002,0.001,4607.0,9422.0,1.0
theta[487],-0.036,0.172,-0.362,0.284,0.001,0.001,14193.0,12943.0,1.0
theta[1192],-0.295,0.186,-0.637,0.06,0.001,0.002,17685.0,12941.0,1.0
theta[982],1.1,0.142,0.829,1.362,0.002,0.001,6504.0,11670.0,1.0
theta[797],0.607,0.157,0.303,0.889,0.002,0.001,9585.0,12394.0,1.0
theta[757],-0.594,0.164,-0.889,-0.275,0.002,0.001,10652.0,13177.0,1.0
theta[688],-1.324,0.15,-1.606,-1.044,0.002,0.001,7236.0,12058.0,1.0
theta[732],0.574,0.21,0.173,0.966,0.002,0.002,19163.0,13528.0,1.0
theta[890],-2.611,0.226,-3.026,-2.176,0.002,0.002,8351.0,11860.0,1.0
theta[323],-0.341,0.157,-0.632,-0.043,0.002,0.001,10368.0,13074.0,1.0
theta[1108],0.681,0.166,0.378,1.004,0.002,0.001,11944.0,11004.0,1.0
theta[161],-1.879,0.159,-2.164,-1.569,0.002,0.001,6577.0,11281.0,1.0
theta[553],-0.755,0.152,-1.046,-0.471,0.002,0.001,9723.0,11910.0,1.0
theta[1185],-1.57,0.219,-1.983,-1.15,0.002,0.002,11409.0,12585.0,1.0
theta[387],-1.268,0.298,-1.831,-0.717,0.002,0.002,24437.0,13229.0,1.0
theta[475],-0.059,0.167,-0.375,0.25,0.002,0.001,11809.0,11358.0,1.0
theta[526],-1.5,0.396,-2.239,-0.745,0.002,0.003,29036.0,12652.0,1.0
theta[473],-0.211,0.19,-0.581,0.135,0.002,0.002,11754.0,11989.0,1.0
theta[1187],-1.409,0.149,-1.687,-1.13,0.002,0.001,6629.0,10974.0,1.0
theta[579],1.163,0.172,0.825,1.471,0.002,0.001,9670.0,11442.0,1.0
theta[854],0.846,0.167,0.529,1.153,0.002,0.001,9809.0,12574.0,1.0
theta[765],-0.052,0.167,-0.372,0.262,0.002,0.001,11155.0,12906.0,1.0
theta[123],-0.149,0.162,-0.455,0.156,0.001,0.001,12562.0,12720.0,1.0
theta[538],0.286,0.149,0.004,0.561,0.002,0.001,8331.0,12191.0,1.0
theta[219],0.116,0.167,-0.194,0.436,0.002,0.001,10549.0,11062.0,1.0
theta[977],-1.414,0.176,-1.737,-1.084,0.002,0.001,8858.0,11906.0,1.0
theta[333],-1.174,0.21,-1.562,-0.771,0.002,0.002,13813.0,12305.0,1.0
theta[338],-3.074,0.227,-3.508,-2.662,0.003,0.002,7465.0,10567.0,1.0
theta[630],-0.897,0.155,-1.189,-0.61,0.002,0.001,8444.0,11525.0,1.0
theta[142],-0.169,0.172,-0.49,0.156,0.001,0.001,15848.0,11961.0,1.0
theta[393],0.211,0.16,-0.089,0.516,0.001,0.001,12372.0,12573.0,1.0
theta[111],-0.637,0.166,-0.942,-0.325,0.002,0.001,10613.0,12097.0,1.0
theta[894],0.421,0.158,0.121,0.713,0.002,0.001,10218.0,12679.0,1.0
theta[139],0.076,0.177,-0.268,0.394,0.002,0.002,13817.0,12719.0,1.0
theta[816],-1.969,0.141,-2.231,-1.7,0.002,0.001,4726.0,9368.0,1.0
theta[1048],1.103,0.162,0.799,1.408,0.002,0.001,7981.0,10677.0,1.0
theta[944],-0.021,0.164,-0.322,0.291,0.002,0.001,10500.0,13046.0,1.0
theta[815],0.9,0.166,0.586,1.214,0.002,0.001,9361.0,12511.0,1.0
theta[1111],1.271,0.15,0.992,1.553,0.002,0.001,7293.0,12651.0,1.0
theta[1188],0.292,0.164,-0.017,0.596,0.001,0.001,12878.0,12247.0,1.0
theta[985],0.529,0.149,0.248,0.807,0.002,0.001,8415.0,10926.0,1.0
theta[612],-2.155,0.173,-2.481,-1.83,0.002,0.001,6083.0,10274.0,1.0
theta[609],-0.751,0.2,-1.139,-0.39,0.002,0.002,13600.0,12796.0,1.0
theta[673],1.065,0.162,0.763,1.369,0.002,0.001,9461.0,12178.0,1.0
theta[902],0.968,0.147,0.685,1.241,0.002,0.001,7201.0,10137.0,1.0
theta[994],-1.276,0.19,-1.639,-0.926,0.002,0.002,11346.0,11781.0,1.0
theta[882],-1.305,0.184,-1.671,-0.974,0.002,0.002,9359.0,11069.0,1.0
theta[269],1.181,0.151,0.897,1.467,0.002,0.001,6066.0,9304.0,1.0
theta[853],0.443,0.153,0.168,0.744,0.002,0.001,9333.0,12209.0,1.0
theta[1110],-0.758,0.163,-1.072,-0.461,0.002,0.001,9947.0,12512.0,1.0
theta[812],0.263,0.159,-0.043,0.559,0.001,0.001,12568.0,11282.0,1.0
theta[694],-1.17,0.224,-1.6,-0.758,0.002,0.002,13178.0,13350.0,1.0
theta[1057],1.123,0.149,0.853,1.412,0.002,0.001,7210.0,11044.0,1.0
theta[1051],0.426,0.163,0.114,0.728,0.002,0.001,11234.0,12781.0,1.0
theta[20],0.598,0.159,0.3,0.899,0.002,0.001,10758.0,11676.0,1.0
theta[769],-0.585,0.172,-0.897,-0.256,0.002,0.001,9787.0,12493.0,1.0
theta[587],-3.068,0.263,-3.571,-2.586,0.003,0.002,9678.0,11226.0,1.0
theta[130],-0.793,0.34,-1.45,-0.182,0.002,0.003,28653.0,12819.0,1.0
theta[895],-0.016,0.167,-0.332,0.295,0.001,0.001,13523.0,12217.0,1.0
theta[1001],-1.319,0.218,-1.729,-0.915,0.002,0.002,12283.0,12055.0,1.0
theta[263],0.582,0.153,0.288,0.867,0.002,0.001,9502.0,12575.0,1.0
theta[81],0.069,0.166,-0.245,0.376,0.001,0.001,13906.0,13874.0,1.0
theta[573],-0.917,0.166,-1.237,-0.609,0.002,0.001,10908.0,10766.0,1.0
theta[432],1.06,0.152,0.772,1.338,0.002,0.001,6832.0,11367.0,1.0
theta[355],0.961,0.15,0.689,1.252,0.002,0.001,7480.0,11027.0,1.0
theta[342],0.812,0.144,0.539,1.082,0.002,0.001,8609.0,12631.0,1.0
theta[293],0.651,0.168,0.342,0.973,0.002,0.001,10580.0,13075.0,1.0
theta[1020],-0.563,0.419,-1.348,0.215,0.002,0.003,31060.0,14161.0,1.0
theta[870],-0.626,0.185,-0.985,-0.29,0.002,0.001,13764.0,13606.0,1.0
theta[787],0.682,0.16,0.376,0.98,0.002,0.001,10348.0,13281.0,1.0
theta[776],0.353,0.171,0.036,0.674,0.002,0.001,11749.0,12464.0,1.0
theta[133],-0.512,0.152,-0.805,-0.235,0.002,0.001,9056.0,12386.0,1.0
theta[119],-0.374,0.159,-0.681,-0.09,0.002,0.001,10863.0,13768.0,1.0
theta[592],0.901,0.154,0.608,1.185,0.002,0.001,7988.0,13005.0,1.0
theta[461],0.637,0.153,0.343,0.919,0.002,0.001,9009.0,13446.0,1.0
theta[822],0.631,0.161,0.328,0.932,0.002,0.001,11247.0,12312.0,1.0
theta[530],0.254,0.184,-0.096,0.589,0.001,0.002,15653.0,13199.0,1.0
theta[485],0.518,0.156,0.229,0.815,0.001,0.001,11710.0,12434.0,1.0
theta[509],0.314,0.154,0.032,0.613,0.002,0.001,10044.0,12660.0,1.0
theta[613],-0.773,0.179,-1.123,-0.453,0.002,0.001,12011.0,12405.0,1.0
theta[330],-0.31,0.177,-0.651,0.017,0.002,0.002,13666.0,12811.0,1.0
theta[467],0.459,0.162,0.156,0.764,0.002,0.001,8687.0,11498.0,1.0
theta[1143],-0.232,0.199,-0.61,0.132,0.001,0.002,17896.0,12413.0,1.0
theta[525],1.102,0.15,0.813,1.381,0.002,0.001,7371.0,11785.0,1.0
theta[48],0.655,0.137,0.399,0.912,0.002,0.001,6979.0,9963.0,1.0
theta[45],-1.744,0.466,-2.603,-0.844,0.003,0.004,27576.0,12904.0,1.0
theta[1112],0.866,0.15,0.583,1.146,0.002,0.001,7829.0,12791.0,1.0
theta[758],-2.094,0.266,-2.595,-1.596,0.002,0.002,16260.0,12312.0,1.0
theta[860],0.861,0.149,0.568,1.131,0.002,0.001,7799.0,11959.0,1.0
theta[836],-0.916,0.188,-1.278,-0.576,0.002,0.002,12553.0,13090.0,1.0
theta[674],0.21,0.155,-0.079,0.503,0.002,0.001,10245.0,12429.0,1.0
theta[309],-1.009,0.18,-1.355,-0.677,0.002,0.001,13161.0,12435.0,1.0
theta[480],0.3,0.155,0.008,0.59,0.002,0.001,9066.0,11813.0,1.0
theta[1045],0.403,0.155,0.109,0.692,0.001,0.001,11346.0,12336.0,1.0
theta[670],-1.796,0.272,-2.315,-1.295,0.002,0.002,18571.0,13345.0,1.0
theta[610],-0.328,0.178,-0.668,0.001,0.002,0.002,13056.0,12483.0,1.0
theta[1100],-0.926,0.152,-1.207,-0.637,0.002,0.001,6844.0,11748.0,1.0
theta[433],0.518,0.139,0.244,0.771,0.002,0.001,7905.0,12003.0,1.0
theta[252],-0.441,0.176,-0.765,-0.097,0.002,0.001,10393.0,12758.0,1.0
theta[488],0.165,0.179,-0.163,0.506,0.002,0.001,13837.0,12395.0,1.0
theta[516],1.053,0.153,0.771,1.348,0.002,0.001,7513.0,11393.0,1.0
theta[369],1.077,0.148,0.789,1.346,0.002,0.001,7854.0,12424.0,1.0
theta[559],-0.588,0.187,-0.941,-0.243,0.002,0.002,10770.0,11480.0,1.0
theta[471],0.149,0.159,-0.153,0.445,0.001,0.001,12328.0,12506.0,1.0
theta[390],-0.411,0.209,-0.801,-0.019,0.002,0.002,17978.0,12971.0,1.0
theta[1144],-0.383,0.176,-0.717,-0.054,0.002,0.001,11741.0,13807.0,1.0
theta[418],0.375,0.145,0.105,0.647,0.002,0.001,8281.0,11815.0,1.0
theta[428],-0.402,0.161,-0.71,-0.105,0.002,0.001,11377.0,12371.0,1.0
theta[618],-1.833,0.196,-2.209,-1.476,0.002,0.002,9307.0,11170.0,1.0
theta[966],-0.692,0.148,-0.971,-0.418,0.002,0.001,8442.0,11531.0,1.0
theta[382],0.856,0.155,0.565,1.148,0.002,0.001,9088.0,10862.0,1.0
theta[1097],0.555,0.365,-0.136,1.226,0.002,0.003,30022.0,13201.0,1.0
theta[1030],0.059,0.161,-0.233,0.37,0.002,0.001,10556.0,11706.0,1.0
theta[266],-0.637,0.196,-1.004,-0.276,0.002,0.002,12860.0,12000.0,1.0
theta[779],-3.1,0.18,-3.441,-2.761,0.003,0.001,4287.0,8126.0,1.0
theta[599],-0.15,0.17,-0.471,0.165,0.002,0.001,12121.0,12089.0,1.0
theta[15],-0.222,0.168,-0.531,0.097,0.002,0.001,11897.0,12387.0,1.0
theta[718],0.515,0.154,0.218,0.797,0.002,0.001,9888.0,13791.0,1.0
theta[137],-0.974,0.207,-1.357,-0.58,0.002,0.002,14082.0,12933.0,1.0
theta[1124],0.721,0.157,0.421,1.012,0.002,0.001,8565.0,11988.0,1.0
theta[933],-0.602,0.159,-0.891,-0.298,0.002,0.001,8860.0,10516.0,1.0
theta[364],0.306,0.163,-0.0,0.611,0.002,0.001,10830.0,12612.0,1.0
theta[226],0.08,0.178,-0.25,0.419,0.002,0.001,13595.0,12810.0,1.0
theta[521],-0.413,0.162,-0.712,-0.105,0.002,0.001,10941.0,12158.0,1.0
theta[1034],0.746,0.16,0.435,1.038,0.002,0.001,9759.0,11323.0,1.0
theta[691],0.838,0.164,0.521,1.137,0.002,0.001,11076.0,12474.0,1.0
theta[362],-0.376,0.179,-0.718,-0.047,0.002,0.001,14168.0,13293.0,1.0
theta[185],-0.823,0.175,-1.14,-0.481,0.002,0.001,12857.0,12708.0,1.0
theta[563],0.285,0.188,-0.052,0.656,0.002,0.002,13416.0,12292.0,1.0
theta[844],1.031,0.152,0.756,1.323,0.002,0.001,8393.0,11384.0,1.0
theta[299],-2.432,0.252,-2.909,-1.963,0.002,0.002,10458.0,10658.0,1.0
theta[109],0.804,0.29,0.254,1.344,0.002,0.002,25547.0,13476.0,1.0
theta[503],-1.184,0.173,-1.501,-0.858,0.002,0.002,10494.0,10026.0,1.0
theta[778],0.341,0.157,0.054,0.643,0.002,0.001,9264.0,11783.0,1.0
theta[469],0.152,0.158,-0.138,0.456,0.002,0.001,9935.0,13043.0,1.0
theta[445],-1.033,0.221,-1.445,-0.611,0.002,0.002,15731.0,13094.0,1.0
theta[867],-0.094,0.183,-0.44,0.248,0.002,0.002,13610.0,12804.0,1.0
theta[741],-1.393,0.163,-1.698,-1.086,0.002,0.001,8214.0,10886.0,1.0
theta[799],1.122,0.163,0.814,1.425,0.002,0.001,8161.0,11485.0,1.0
theta[906],0.34,0.206,-0.049,0.725,0.002,0.002,17159.0,11707.0,1.0
theta[316],-0.278,0.163,-0.579,0.027,0.001,0.001,13104.0,13460.0,1.0
theta[664],-0.93,0.169,-1.238,-0.602,0.002,0.001,11027.0,12792.0,1.0
theta[172],-2.282,0.476,-3.169,-1.374,0.003,0.004,30663.0,13711.0,1.0
theta[413],1.356,0.159,1.062,1.661,0.002,0.001,8431.0,10805.0,1.0
theta[174],-0.467,0.157,-0.767,-0.175,0.002,0.001,10905.0,11409.0,1.0
theta[611],0.846,0.153,0.556,1.132,0.002,0.001,8854.0,13137.0,1.0
theta[186],0.683,0.166,0.368,0.991,0.002,0.001,8303.0,12078.0,1.0
theta[864],0.865,0.15,0.587,1.155,0.002,0.001,8379.0,11874.0,1.0
theta[265],-1.195,0.186,-1.537,-0.842,0.002,0.002,10647.0,12015.0,1.0
theta[590],-0.44,0.184,-0.775,-0.086,0.002,0.001,12984.0,12396.0,1.0
theta[680],-2.718,0.822,-4.224,-1.144,0.005,0.007,32768.0,12659.0,1.0
theta[149],-2.195,0.519,-3.161,-1.2,0.003,0.004,30518.0,13997.0,1.0
theta[496],0.784,0.157,0.499,1.084,0.002,0.001,9028.0,11485.0,1.0
theta[1085],0.774,0.155,0.481,1.066,0.001,0.001,10671.0,11449.0,1.0
theta[151],0.988,0.15,0.701,1.265,0.002,0.001,8278.0,10016.0,1.0
theta[953],0.64,0.177,0.308,0.968,0.002,0.001,11318.0,12555.0,1.0
theta[935],0.943,0.152,0.664,1.238,0.002,0.001,8059.0,10355.0,1.0
theta[633],-0.032,0.167,-0.35,0.278,0.002,0.001,10103.0,12007.0,1.0
theta[833],-0.381,0.152,-0.672,-0.099,0.002,0.001,10070.0,12161.0,1.0
theta[1094],0.642,0.143,0.376,0.913,0.002,0.001,7832.0,10765.0,1.0
theta[505],0.984,0.146,0.708,1.254,0.002,0.001,6924.0,11468.0,1.0
theta[1054],-0.322,0.173,-0.639,0.011,0.002,0.001,11940.0,13541.0,1.0
theta[1153],1.023,0.16,0.721,1.324,0.002,0.001,9383.0,12424.0,1.0
theta[234],0.074,0.158,-0.221,0.375,0.001,0.001,11174.0,12097.0,1.0
theta[198],-0.178,0.14,-0.442,0.08,0.001,0.001,8817.0,11555.0,1.0
theta[140],-0.586,0.308,-1.176,-0.016,0.002,0.003,29451.0,13777.0,1.0
theta[1041],1.049,0.144,0.779,1.318,0.002,0.001,8124.0,10310.0,1.0
theta[1061],0.038,0.149,-0.241,0.316,0.001,0.001,11431.0,13510.0,1.0
theta[38],-0.622,0.17,-0.936,-0.303,0.002,0.001,12488.0,12284.0,1.0
theta[383],-2.633,0.192,-2.998,-2.277,0.002,0.002,6273.0,10929.0,1.0
theta[638],0.508,0.412,-0.258,1.303,0.002,0.003,27953.0,13328.0,1.0
theta[719],0.387,0.166,0.076,0.695,0.002,0.001,11087.0,12269.0,1.0
theta[1003],-0.848,0.175,-1.169,-0.513,0.002,0.001,11597.0,13242.0,1.0
theta[884],0.708,0.156,0.408,0.995,0.002,0.001,9096.0,12610.0,1.0
theta[542],0.395,0.177,0.069,0.737,0.002,0.001,12224.0,12820.0,1.0
theta[196],-0.367,0.177,-0.698,-0.031,0.002,0.001,12018.0,12396.0,1.0
theta[367],-0.368,0.166,-0.672,-0.052,0.002,0.001,11345.0,11856.0,1.0
theta[1120],-1.91,0.218,-2.313,-1.491,0.002,0.002,10830.0,11965.0,1.0
theta[950],1.154,0.153,0.867,1.44,0.002,0.001,8427.0,11468.0,1.0
theta[565],0.976,0.154,0.687,1.269,0.002,0.001,8533.0,10430.0,1.0
theta[202],0.273,0.167,-0.038,0.591,0.002,0.001,10551.0,13859.0,1.0
theta[832],0.172,0.42,-0.643,0.931,0.002,0.003,31607.0,13875.0,1.0
theta[637],-0.038,0.16,-0.338,0.261,0.001,0.001,11804.0,12612.0,1.0
theta[118],0.502,0.172,0.185,0.827,0.002,0.001,10731.0,11737.0,1.0
theta[36],0.446,0.157,0.142,0.729,0.002,0.001,8872.0,13058.0,1.0
theta[969],1.786,0.15,1.509,2.072,0.002,0.001,5356.0,10381.0,1.0
theta[33],0.398,0.16,0.106,0.704,0.001,0.001,12601.0,12631.0,1.0
theta[1175],0.016,0.152,-0.273,0.301,0.002,0.001,9588.0,10939.0,1.0
theta[417],1.256,0.144,0.978,1.519,0.002,0.001,6593.0,11246.0,1.0
theta[683],-2.842,0.189,-3.196,-2.481,0.002,0.002,6098.0,11130.0,1.0
theta[131],-0.038,0.15,-0.325,0.239,0.002,0.001,8956.0,12571.0,1.0
theta[409],-0.207,0.24,-0.657,0.242,0.002,0.002,23454.0,13257.0,1.0
theta[221],0.665,0.157,0.377,0.964,0.002,0.001,10357.0,12445.0,1.0
theta[225],0.499,0.165,0.193,0.805,0.002,0.001,10469.0,11254.0,1.0
theta[604],0.976,0.157,0.683,1.276,0.002,0.001,8847.0,12884.0,1.0
theta[500],0.272,0.174,-0.05,0.609,0.001,0.001,14118.0,13035.0,1.0
theta[1165],0.269,0.149,-0.011,0.55,0.001,0.001,10560.0,12582.0,1.0
theta[910],-0.164,0.162,-0.459,0.143,0.002,0.001,9989.0,12851.0,1.0
theta[153],0.572,0.171,0.263,0.903,0.002,0.001,11407.0,12392.0,1.0
theta[937],-0.437,0.153,-0.717,-0.145,0.002,0.001,8783.0,10598.0,1.0
theta[1093],0.24,0.167,-0.073,0.55,0.001,0.001,12564.0,12999.0,1.0
theta[52],0.312,0.189,-0.048,0.66,0.002,0.002,11436.0,12213.0,1.0
theta[596],-2.201,0.534,-3.194,-1.183,0.003,0.005,30655.0,13586.0,1.0
theta[712],0.501,0.159,0.206,0.798,0.002,0.001,7827.0,12023.0,1.0
theta[291],0.918,0.145,0.645,1.19,0.002,0.001,7335.0,10124.0,1.0
theta[122],1.149,0.145,0.873,1.421,0.002,0.001,6947.0,11405.0,1.0
theta[671],0.271,0.157,-0.019,0.565,0.002,0.001,9864.0,12324.0,1.0
theta[515],0.597,0.16,0.295,0.898,0.002,0.001,11428.0,11507.0,1.0
theta[1038],0.781,0.164,0.469,1.084,0.002,0.001,10919.0,11916.0,1.0
theta[1126],-0.321,0.174,-0.644,0.009,0.002,0.001,11633.0,12554.0,1.0
theta[152],-0.335,0.17,-0.647,-0.009,0.001,0.001,16685.0,12121.0,1.0
theta[873],0.688,0.158,0.386,0.977,0.002,0.001,10039.0,11930.0,1.0
theta[491],-0.663,0.153,-0.947,-0.372,0.002,0.001,8820.0,12434.0,1.0
theta[261],-1.111,0.171,-1.42,-0.78,0.002,0.001,11115.0,11120.0,1.0
theta[1046],0.566,0.151,0.285,0.851,0.002,0.001,8447.0,11765.0,1.0
theta[878],-0.8,0.153,-1.086,-0.512,0.002,0.001,8752.0,11568.0,1.0
theta[392],-1.058,0.161,-1.364,-0.76,0.002,0.001,8750.0,12301.0,1.0
theta[1070],0.705,0.358,0.01,1.361,0.002,0.003,30543.0,13595.0,1.0
theta[1069],1.431,0.153,1.137,1.712,0.002,0.001,7329.0,11821.0,1.0
theta[1170],-2.146,0.153,-2.437,-1.865,0.002,0.001,4775.0,8934.0,1.0
theta[16],0.538,0.148,0.248,0.808,0.002,0.001,9537.0,11642.0,1.0
theta[823],0.104,0.155,-0.2,0.383,0.001,0.001,12204.0,12946.0,1.0
theta[962],-0.736,0.166,-1.055,-0.43,0.002,0.001,11213.0,12005.0,1.0
theta[373],0.995,0.161,0.68,1.285,0.002,0.001,9561.0,10680.0,1.0
theta[1006],0.527,0.147,0.254,0.807,0.002,0.001,8701.0,13309.0,1.0
theta[1064],-0.366,0.325,-0.971,0.241,0.002,0.003,28026.0,12562.0,1.0
theta[824],1.091,0.144,0.816,1.355,0.002,0.001,7217.0,12188.0,1.0
theta[986],0.752,0.152,0.474,1.049,0.002,0.001,8559.0,11207.0,1.0
theta[25],0.614,0.141,0.35,0.881,0.002,0.001,6567.0,11653.0,1.0
theta[134],1.199,0.156,0.898,1.484,0.002,0.001,7851.0,11067.0,1.0
theta[320],0.532,0.157,0.229,0.824,0.002,0.001,10321.0,12283.0,1.0
theta[59],1.024,0.165,0.712,1.331,0.002,0.001,10366.0,12710.0,1.0
theta[1166],0.947,0.146,0.681,1.226,0.002,0.001,8715.0,11801.0,1.0
theta[447],0.632,0.154,0.343,0.92,0.002,0.001,10257.0,12705.0,1.0
theta[1171],0.335,0.177,0.002,0.661,0.002,0.001,10810.0,12422.0,1.0
theta[340],-0.901,0.218,-1.31,-0.496,0.002,0.002,15424.0,12824.0,1.0
theta[184],0.444,0.155,0.149,0.737,0.001,0.001,11500.0,12722.0,1.0
theta[1075],-2.101,0.356,-2.754,-1.417,0.002,0.003,26018.0,13087.0,1.0
theta[879],0.962,0.151,0.676,1.242,0.002,0.001,8567.0,11266.0,1.0
theta[972],-0.097,0.26,-0.592,0.397,0.002,0.002,22940.0,13043.0,1.0
theta[358],0.667,0.193,0.302,1.028,0.002,0.002,13281.0,12804.0,1.0
theta[297],-0.122,0.197,-0.506,0.234,0.002,0.002,13643.0,13084.0,1.0
theta[160],-0.56,0.165,-0.866,-0.247,0.002,0.001,10351.0,12825.0,1.0
theta[391],0.086,0.154,-0.2,0.374,0.002,0.001,9291.0,10313.0,1.0
theta[128],1.353,0.15,1.075,1.638,0.002,0.001,6786.0,11330.0,1.0
theta[1131],0.398,0.156,0.104,0.693,0.002,0.001,9562.0,13581.0,1.0
theta[900],-0.01,0.151,-0.297,0.272,0.001,0.001,10238.0,10776.0,1.0
theta[76],1.01,0.215,0.617,1.429,0.002,0.002,15536.0,12880.0,1.0
theta[695],0.645,0.154,0.359,0.934,0.002,0.001,8952.0,13055.0,1.0
theta[603],0.207,0.15,-0.077,0.491,0.001,0.001,10791.0,11314.0,1.0
theta[885],0.674,0.168,0.365,1.002,0.002,0.001,9784.0,11889.0,1.0
theta[7],-1.153,0.258,-1.655,-0.683,0.002,0.002,19350.0,13572.0,1.0
theta[50],0.742,0.15,0.463,1.027,0.002,0.001,9405.0,12378.0,1.0
theta[1174],0.816,0.14,0.555,1.082,0.002,0.001,7122.0,11834.0,1.0
theta[624],0.929,0.15,0.635,1.201,0.002,0.001,9134.0,11786.0,1.0
theta[696],-2.585,0.187,-2.936,-2.231,0.002,0.002,6251.0,10202.0,1.0
theta[275],0.701,0.155,0.41,0.984,0.002,0.001,9553.0,11003.0,1.0
theta[971],-0.932,0.195,-1.292,-0.555,0.002,0.002,12447.0,12388.0,1.0
theta[34],1.299,0.165,0.981,1.601,0.002,0.001,7760.0,10928.0,1.0
theta[968],0.725,0.147,0.443,0.992,0.002,0.001,9466.0,12393.0,1.0
theta[1119],0.309,0.159,0.009,0.604,0.001,0.001,11381.0,12724.0,1.0
theta[1186],0.543,0.163,0.228,0.842,0.002,0.001,11661.0,11922.0,1.0
theta[195],1.181,0.146,0.919,1.47,0.002,0.001,6968.0,11784.0,1.0
theta[1113],0.915,0.148,0.638,1.19,0.002,0.001,8415.0,9497.0,1.0
theta[284],-1.231,0.166,-1.539,-0.918,0.002,0.001,9560.0,10809.0,1.0
theta[859],0.189,0.15,-0.086,0.475,0.001,0.001,10352.0,11788.0,1.0
theta[132],-0.825,0.628,-1.971,0.376,0.004,0.005,32352.0,12996.0,1.0
theta[13],0.778,0.154,0.499,1.076,0.002,0.001,9246.0,11662.0,1.0
theta[919],0.897,0.149,0.624,1.186,0.002,0.001,7794.0,10957.0,1.0
theta[701],0.792,0.152,0.511,1.085,0.002,0.001,8851.0,12016.0,1.0
theta[1168],0.075,0.16,-0.224,0.375,0.002,0.001,9736.0,13373.0,1.0
theta[1182],-0.394,0.162,-0.688,-0.081,0.002,0.001,9823.0,12320.0,1.0
theta[529],-0.478,0.168,-0.794,-0.167,0.002,0.001,10768.0,12579.0,1.0
theta[754],-1.551,0.192,-1.901,-1.18,0.002,0.002,9495.0,12721.0,1.0
theta[102],0.177,0.177,-0.152,0.516,0.002,0.002,13775.0,11771.0,1.0
theta[567],0.64,0.144,0.362,0.906,0.002,0.001,8010.0,11086.0,1.0
theta[322],0.599,0.145,0.322,0.867,0.002,0.001,8156.0,13170.0,1.0
theta[1067],1.081,0.151,0.798,1.368,0.002,0.001,7809.0,11347.0,1.0
theta[426],1.249,0.146,0.974,1.52,0.002,0.001,7764.0,12975.0,1.0
theta[1138],-0.649,0.187,-1.002,-0.298,0.001,0.002,16358.0,13318.0,1.0
theta[171],0.809,0.15,0.533,1.093,0.002,0.001,9059.0,11849.0,1.0
theta[945],0.776,0.145,0.51,1.052,0.002,0.001,7669.0,10821.0,1.0
theta[101],-0.053,0.193,-0.409,0.314,0.002,0.002,12128.0,12725.0,1.0
theta[643],-0.993,0.189,-1.351,-0.644,0.002,0.002,12402.0,12671.0,1.0
theta[1009],0.554,0.153,0.258,0.831,0.002,0.001,10306.0,13233.0,1.0
theta[190],0.128,0.171,-0.209,0.435,0.001,0.001,13709.0,11040.0,1.0
theta[665],1.147,0.145,0.867,1.414,0.002,0.001,6628.0,10468.0,1.0
theta[1077],0.666,0.162,0.354,0.961,0.002,0.001,8865.0,12033.0,1.0
theta[280],0.78,0.147,0.505,1.056,0.002,0.001,9128.0,11760.0,1.0
theta[636],0.713,0.149,0.435,0.997,0.002,0.001,7367.0,12061.0,1.0
theta[955],-2.236,0.294,-2.786,-1.685,0.002,0.002,15853.0,12216.0,1.0
theta[905],0.371,0.168,0.059,0.694,0.002,0.001,11653.0,11217.0,1.0
theta[1118],0.534,0.15,0.254,0.818,0.002,0.001,8565.0,11523.0,1.0
theta[239],0.145,0.158,-0.157,0.434,0.001,0.001,11908.0,11624.0,1.0
theta[650],1.469,0.154,1.185,1.765,0.002,0.001,6948.0,10688.0,1.0
theta[583],0.402,0.159,0.104,0.705,0.002,0.001,10897.0,13206.0,1.0
theta[731],1.085,0.149,0.807,1.363,0.002,0.001,7124.0,10713.0,1.0
theta[114],0.653,0.155,0.365,0.951,0.002,0.001,9610.0,11397.0,1.0
theta[700],0.778,0.145,0.507,1.053,0.002,0.001,7342.0,12707.0,1.0
theta[568],0.758,0.153,0.476,1.046,0.002,0.001,8157.0,12887.0,1.0
theta[354],0.767,0.149,0.493,1.05,0.002,0.001,7420.0,12747.0,1.0
theta[481],-0.244,0.158,-0.536,0.054,0.002,0.001,10573.0,11792.0,1.0
theta[991],0.503,0.149,0.227,0.788,0.002,0.001,9489.0,11458.0,1.0
theta[49],0.288,0.168,-0.039,0.597,0.002,0.001,9935.0,11981.0,1.0
theta[86],0.403,0.158,0.098,0.695,0.001,0.001,11410.0,11444.0,1.0
theta[533],0.71,0.151,0.428,0.993,0.002,0.001,7520.0,11010.0,1.0
theta[645],1.109,0.155,0.822,1.406,0.002,0.001,7097.0,11149.0,1.0
theta[829],-2.909,0.237,-3.353,-2.466,0.003,0.002,8465.0,11846.0,1.0
theta[648],0.752,0.155,0.466,1.049,0.002,0.001,8930.0,11793.0,1.0
theta[327],0.76,0.152,0.469,1.04,0.002,0.001,9816.0,10151.0,1.0
theta[548],-0.641,0.157,-0.937,-0.352,0.002,0.001,10317.0,12069.0,1.0
theta[458],1.306,0.155,1.01,1.596,0.002,0.001,7966.0,11314.0,1.0
theta[110],0.67,0.145,0.396,0.944,0.002,0.001,8417.0,10220.0,1.0
theta[397],-0.123,0.158,-0.422,0.17,0.001,0.001,12510.0,13144.0,1.0
theta[336],0.413,0.17,0.089,0.726,0.001,0.001,13064.0,12302.0,1.0
theta[1016],-1.043,0.168,-1.363,-0.736,0.002,0.001,10363.0,11275.0,1.0
theta[1098],0.677,0.145,0.412,0.961,0.001,0.001,10023.0,12145.0,1.0
theta[743],0.839,0.145,0.57,1.111,0.002,0.001,7496.0,12160.0,1.0
theta[657],0.246,0.16,-0.061,0.541,0.002,0.001,10937.0,12617.0,1.0
theta[702],-0.427,0.158,-0.717,-0.129,0.002,0.001,9982.0,13763.0,1.0
theta[591],-0.329,0.162,-0.645,-0.035,0.002,0.001,11092.0,12686.0,1.0
theta[820],0.093,0.14,-0.166,0.357,0.001,0.001,9015.0,13338.0,1.0
theta[1157],0.495,0.144,0.228,0.767,0.002,0.001,7883.0,12223.0,1.0
theta[793],0.519,0.158,0.215,0.813,0.002,0.001,9863.0,13241.0,1.0
theta[211],0.524,0.162,0.216,0.826,0.002,0.001,11545.0,11938.0,1.0
theta[236],0.933,0.148,0.664,1.218,0.002,0.001,7325.0,11427.0,1.0
theta[55],-2.145,0.895,-3.777,-0.437,0.005,0.007,31246.0,13342.0,1.0
theta[124],1.467,0.144,1.196,1.733,0.002,0.001,6023.0,11535.0,1.0
theta[802],0.881,0.152,0.595,1.168,0.002,0.001,8191.0,10791.0,1.0
theta[965],1.293,0.16,0.987,1.59,0.002,0.001,7713.0,11711.0,1.0
theta[28],-0.554,0.157,-0.849,-0.259,0.002,0.001,9388.0,10958.0,1.0
theta[666],-0.356,0.158,-0.647,-0.056,0.002,0.001,9682.0,11471.0,1.0
theta[453],0.438,0.164,0.132,0.742,0.002,0.001,9655.0,12146.0,1.0
theta[1162],0.303,0.178,-0.038,0.631,0.002,0.001,12814.0,12965.0,1.0
theta[580],0.283,0.161,-0.018,0.589,0.002,0.001,10888.0,10532.0,1.0
theta[582],-0.193,0.309,-0.755,0.409,0.002,0.003,30290.0,14231.0,1.0
theta[1184],0.634,0.156,0.345,0.929,0.002,0.001,9667.0,11505.0,1.0
theta[267],0.76,0.176,0.426,1.086,0.002,0.001,10289.0,13340.0,1.0
theta[995],0.762,0.155,0.48,1.061,0.002,0.001,9055.0,11857.0,1.0
theta[817],-0.713,0.178,-1.054,-0.387,0.002,0.001,12243.0,12177.0,1.0
theta[441],0.69,0.153,0.406,0.979,0.001,0.001,10979.0,12609.0,1.0
theta[298],0.808,0.144,0.531,1.072,0.002,0.001,9145.0,11244.0,1.0
theta[6],0.386,0.145,0.113,0.659,0.001,0.001,10012.0,11902.0,1.0
theta[600],0.646,0.166,0.333,0.954,0.002,0.001,11600.0,13284.0,1.0
theta[0],-0.867,0.183,-1.22,-0.534,0.002,0.002,14647.0,11507.0,1.0
theta[209],-0.843,0.167,-1.169,-0.546,0.002,0.001,10210.0,13437.0,1.0
theta[451],1.121,0.151,0.828,1.394,0.002,0.001,7234.0,10476.0,1.0
theta[868],0.512,0.143,0.239,0.773,0.001,0.001,9114.0,10691.0,1.0
theta[448],0.77,0.141,0.507,1.033,0.002,0.001,7918.0,13100.0,1.0
theta[301],1.131,0.148,0.853,1.412,0.002,0.001,7448.0,11479.0,1.0
theta[492],0.532,0.186,0.193,0.893,0.001,0.002,15844.0,12313.0,1.0
theta[176],-0.21,0.189,-0.572,0.14,0.002,0.002,13308.0,12807.0,1.0
theta[835],0.173,0.185,-0.187,0.504,0.002,0.002,15165.0,13842.0,1.0
theta[893],0.185,0.168,-0.136,0.494,0.002,0.001,10412.0,11919.0,1.0
theta[901],0.872,0.153,0.583,1.153,0.002,0.001,8322.0,11036.0,1.0
theta[495],-1.091,0.168,-1.408,-0.778,0.002,0.001,10641.0,11491.0,1.0
theta[199],0.749,0.154,0.457,1.033,0.002,0.001,9151.0,11672.0,1.0
theta[1025],0.596,0.156,0.303,0.893,0.002,0.001,9776.0,12172.0,1.0
theta[1161],0.022,0.178,-0.313,0.354,0.002,0.001,13189.0,11999.0,1.0
theta[282],0.433,0.153,0.139,0.717,0.002,0.001,9159.0,10812.0,1.0
theta[1013],0.21,0.161,-0.086,0.51,0.002,0.001,9618.0,11743.0,1.0
theta[722],1.009,0.15,0.739,1.3,0.002,0.001,7604.0,12491.0,1.0
theta[678],-0.772,0.186,-1.127,-0.423,0.001,0.002,15567.0,11629.0,1.0
theta[214],-0.019,0.206,-0.401,0.369,0.002,0.002,17552.0,12722.0,1.0
theta[1102],-2.267,0.183,-2.607,-1.918,0.002,0.001,7167.0,10677.0,1.0
theta[376],-2.84,0.301,-3.416,-2.264,0.002,0.003,16081.0,12828.0,1.0
theta[713],-0.214,0.29,-0.769,0.334,0.002,0.002,27080.0,13791.0,1.0
theta[1128],0.893,0.143,0.613,1.153,0.002,0.001,7929.0,11424.0,1.0
theta[913],-2.858,0.166,-3.163,-2.543,0.003,0.001,4233.0,7731.0,1.0
theta[948],-0.481,0.164,-0.791,-0.174,0.002,0.001,11756.0,13124.0,1.0
theta[825],0.186,0.171,-0.134,0.509,0.001,0.001,15704.0,13779.0,1.0
theta[395],-0.74,0.179,-1.072,-0.401,0.002,0.001,13152.0,13074.0,1.0
theta[1139],1.058,0.145,0.79,1.333,0.002,0.001,6243.0,11848.0,1.0
theta[253],0.882,0.539,-0.113,1.916,0.003,0.005,31019.0,13673.0,1.0
theta[551],-1.738,0.228,-2.181,-1.323,0.002,0.002,14524.0,12399.0,1.0
theta[315],0.919,0.324,0.311,1.521,0.002,0.003,26985.0,13445.0,1.0
theta[388],1.146,0.15,0.858,1.426,0.002,0.001,7201.0,11458.0,1.0
theta[138],0.356,0.172,0.04,0.685,0.001,0.001,13693.0,12108.0,1.0
theta[270],-0.23,0.312,-0.848,0.326,0.002,0.002,27011.0,14217.0,1.0
theta[679],-0.042,0.14,-0.307,0.219,0.001,0.001,9453.0,10343.0,1.0
theta[408],0.315,0.148,0.041,0.593,0.002,0.001,8745.0,11729.0,1.0
theta[1155],0.516,0.158,0.213,0.808,0.002,0.001,10348.0,12128.0,1.0
theta[653],-0.135,0.167,-0.446,0.184,0.002,0.001,9662.0,12266.0,1.0
theta[763],0.792,0.159,0.504,1.103,0.002,0.001,8421.0,11647.0,1.0
theta[809],1.046,0.152,0.764,1.334,0.002,0.001,7152.0,11099.0,1.0
theta[24],0.804,0.134,0.56,1.065,0.002,0.001,7958.0,11886.0,1.0
theta[1071],0.819,0.137,0.575,1.086,0.002,0.001,6489.0,11756.0,1.0
theta[852],-0.186,0.202,-0.566,0.19,0.002,0.002,17112.0,13163.0,1.0
theta[210],-2.019,0.441,-2.841,-1.183,0.003,0.004,29070.0,12735.0,1.0
theta[1181],0.158,0.184,-0.185,0.503,0.001,0.002,15262.0,12123.0,1.0
theta[264],0.344,0.153,0.063,0.635,0.002,0.001,10074.0,11769.0,1.0
theta[278],1.298,0.148,1.024,1.579,0.002,0.001,6850.0,10569.0,1.0
theta[557],0.839,0.143,0.56,1.098,0.002,0.001,7356.0,10893.0,1.0
theta[254],-1.529,0.18,-1.875,-1.201,0.002,0.001,8886.0,11385.0,1.0
theta[1123],-0.207,0.18,-0.546,0.133,0.001,0.002,15543.0,12708.0,1.0
theta[1068],-0.064,0.168,-0.386,0.249,0.001,0.001,14417.0,12861.0,1.0
theta[94],1.031,0.145,0.76,1.302,0.002,0.001,7253.0,10959.0,1.0
theta[113],-0.958,0.192,-1.325,-0.609,0.002,0.002,11324.0,13196.0,1.0
theta[1037],-0.633,0.192,-0.999,-0.276,0.002,0.002,14750.0,12155.0,1.0
theta[337],0.824,0.157,0.52,1.112,0.002,0.001,7968.0,11799.0,1.0
theta[460],1.344,0.154,1.039,1.618,0.002,0.001,6606.0,10048.0,1.0
theta[83],-0.301,0.164,-0.596,0.021,0.002,0.001,11274.0,12463.0,1.0
theta[470],0.318,0.161,0.028,0.629,0.002,0.001,9832.0,11109.0,1.0
theta[1012],0.826,0.146,0.563,1.11,0.002,0.001,7576.0,11922.0,1.0
theta[800],1.277,0.144,1.013,1.555,0.002,0.001,6507.0,11763.0,1.0
theta[1059],-0.385,0.165,-0.7,-0.084,0.002,0.001,9658.0,10719.0,1.0
theta[616],0.673,0.162,0.382,0.991,0.002,0.001,10245.0,11650.0,1.0
theta[204],0.962,0.161,0.657,1.264,0.002,0.001,9269.0,11993.0,1.0
theta[69],0.008,0.195,-0.353,0.383,0.002,0.002,13465.0,13118.0,1.0
theta[294],0.074,0.16,-0.244,0.36,0.001,0.001,11903.0,12218.0,1.0
theta[324],0.665,0.157,0.362,0.948,0.002,0.001,9784.0,12550.0,1.0
theta[577],-0.198,0.152,-0.484,0.091,0.001,0.001,12203.0,13358.0,1.0
theta[605],0.638,0.178,0.304,0.974,0.001,0.001,14447.0,13938.0,1.0
theta[243],-2.766,0.162,-3.086,-2.477,0.002,0.001,4554.0,8360.0,1.0
theta[1096],0.669,0.145,0.403,0.945,0.002,0.001,8570.0,12285.0,1.0
theta[240],1.275,0.148,1.005,1.56,0.002,0.001,5602.0,10845.0,1.0
theta[108],0.14,0.183,-0.197,0.49,0.002,0.002,11754.0,13115.0,1.0
theta[372],-0.633,0.164,-0.937,-0.324,0.002,0.001,10483.0,12765.0,1.0
theta[617],0.002,0.183,-0.36,0.328,0.001,0.001,15130.0,12555.0,1.0
theta[1106],0.352,0.159,0.048,0.644,0.002,0.001,10720.0,12279.0,1.0
theta[813],0.866,0.152,0.589,1.157,0.002,0.001,8437.0,11144.0,1.0
theta[100],-0.363,0.185,-0.708,-0.015,0.002,0.002,12573.0,13008.0,1.0
theta[308],-1.185,0.149,-1.459,-0.903,0.002,0.001,7411.0,9771.0,1.0
theta[231],0.181,0.238,-0.27,0.624,0.002,0.002,21022.0,12242.0,1.0
theta[1024],0.332,0.16,0.034,0.634,0.001,0.001,12526.0,12082.0,1.0
theta[767],0.992,0.152,0.705,1.273,0.002,0.001,8904.0,9464.0,1.0
theta[1008],-0.697,0.174,-1.025,-0.376,0.002,0.001,12421.0,12679.0,1.0
theta[840],-0.167,0.174,-0.493,0.153,0.002,0.001,12324.0,13893.0,1.0
theta[685],1.156,0.165,0.851,1.472,0.002,0.001,8540.0,12130.0,1.0
theta[357],-0.666,0.147,-0.956,-0.398,0.002,0.001,8367.0,12381.0,1.0
theta[708],1.177,0.15,0.888,1.454,0.002,0.001,7409.0,11981.0,1.0
theta[346],0.718,0.152,0.44,1.013,0.002,0.001,8735.0,12506.0,1.0
theta[381],0.112,0.156,-0.177,0.408,0.001,0.001,12060.0,12278.0,1.0
theta[189],0.712,0.153,0.43,1.004,0.002,0.001,9295.0,10983.0,1.0
theta[192],0.587,0.137,0.327,0.839,0.002,0.001,7056.0,11743.0,1.0
theta[1090],0.686,0.151,0.396,0.968,0.002,0.001,9154.0,11370.0,1.0
theta[762],-1.105,0.141,-1.363,-0.836,0.002,0.001,6271.0,10674.0,1.0
theta[213],0.653,0.151,0.362,0.933,0.002,0.001,9572.0,12047.0,1.0
theta[437],0.055,0.225,-0.372,0.478,0.002,0.002,18555.0,13310.0,1.0
theta[1183],-0.264,0.157,-0.556,0.03,0.002,0.001,10441.0,11739.0,1.0
theta[794],0.085,0.171,-0.23,0.41,0.001,0.001,13564.0,11593.0,1.0
theta[880],-0.013,0.169,-0.328,0.309,0.002,0.001,11090.0,12093.0,1.0
theta[622],-0.112,0.161,-0.418,0.182,0.001,0.001,11813.0,11020.0,1.0
theta[1121],0.693,0.146,0.418,0.968,0.002,0.001,8319.0,12885.0,1.0
theta[625],0.062,0.163,-0.239,0.375,0.002,0.001,10092.0,12208.0,1.0
theta[1073],0.122,0.167,-0.197,0.428,0.002,0.001,11649.0,12833.0,1.0
theta[188],-0.763,0.166,-1.062,-0.434,0.002,0.001,10641.0,12904.0,1.0
theta[547],0.0,0.152,-0.293,0.275,0.002,0.001,10125.0,11636.0,1.0
theta[303],0.487,0.164,0.179,0.798,0.002,0.001,9961.0,12038.0,1.0
theta[523],0.718,0.151,0.433,0.993,0.002,0.001,9053.0,10787.0,1.0
theta[983],-0.477,0.168,-0.795,-0.172,0.002,0.001,11257.0,12573.0,1.0
theta[904],-0.283,0.171,-0.605,0.035,0.002,0.001,11964.0,12701.0,1.0
theta[907],-2.43,0.155,-2.725,-2.145,0.002,0.001,4798.0,9067.0,1.0
theta[615],-2.761,0.162,-3.063,-2.457,0.003,0.001,4111.0,9413.0,1.0
theta[1072],-0.314,0.163,-0.627,-0.02,0.002,0.001,10030.0,12204.0,1.0
theta[1007],0.712,0.162,0.411,1.019,0.002,0.001,10214.0,12948.0,1.0
theta[1177],1.324,0.15,1.035,1.597,0.002,0.001,6502.0,12903.0,1.0
theta[979],0.326,0.155,0.023,0.608,0.002,0.001,10492.0,11587.0,1.0
theta[504],0.849,0.152,0.567,1.139,0.002,0.001,8948.0,10955.0,1.0
theta[85],-0.28,0.18,-0.637,0.046,0.002,0.002,14463.0,12746.0,1.0
theta[635],-0.771,0.192,-1.136,-0.415,0.002,0.002,14573.0,13359.0,1.0
theta[661],1.163,0.152,0.874,1.449,0.002,0.001,7326.0,11629.0,1.0
theta[1140],-1.993,0.182,-2.334,-1.655,0.002,0.001,6748.0,9735.0,1.0
theta[47],-0.352,0.21,-0.754,0.034,0.002,0.002,16759.0,12943.0,1.0
theta[928],-0.091,0.188,-0.437,0.272,0.001,0.002,15952.0,13283.0,1.0
theta[463],0.291,0.185,-0.049,0.65,0.001,0.002,15366.0,12990.0,1.0
theta[792],0.283,0.156,-0.006,0.581,0.002,0.001,10141.0,12437.0,1.0
theta[351],-0.304,0.175,-0.626,0.032,0.001,0.002,15580.0,11656.0,1.0
theta[1036],0.207,0.153,-0.085,0.49,0.002,0.001,8674.0,13004.0,1.0
theta[1193],0.995,0.146,0.71,1.26,0.002,0.001,7437.0,11953.0,1.0
theta[1179],0.063,0.177,-0.27,0.397,0.001,0.002,16655.0,10850.0,1.0
theta[744],1.445,0.146,1.181,1.724,0.002,0.001,6323.0,12220.0,1.0
theta[396],0.772,0.153,0.486,1.061,0.002,0.001,8323.0,11525.0,1.0
theta[501],-0.062,0.144,-0.335,0.209,0.001,0.001,9257.0,12222.0,1.0
theta[356],-0.37,0.185,-0.719,-0.029,0.002,0.001,14551.0,14189.0,1.0
theta[259],1.078,0.16,0.779,1.374,0.002,0.001,9318.0,13438.0,1.0
theta[352],0.607,0.163,0.306,0.917,0.002,0.001,11622.0,12449.0,1.0
theta[943],0.81,0.14,0.54,1.065,0.002,0.001,7734.0,11690.0,1.0
theta[148],0.821,0.15,0.539,1.097,0.002,0.001,8466.0,12063.0,1.0
theta[843],-0.394,0.161,-0.696,-0.093,0.002,0.001,11045.0,11456.0,1.0
theta[427],-0.162,0.171,-0.478,0.161,0.001,0.002,15051.0,11914.0,1.0
theta[967],0.274,0.152,-0.009,0.561,0.001,0.001,12977.0,11619.0,1.0
theta[1087],-2.993,0.207,-3.403,-2.622,0.002,0.002,7028.0,11185.0,1.0
theta[235],-0.56,0.188,-0.925,-0.222,0.002,0.001,14195.0,13491.0,1.0
theta[561],0.295,0.187,-0.049,0.652,0.001,0.002,15817.0,14240.0,1.0
theta[1015],0.257,0.167,-0.059,0.57,0.002,0.001,11824.0,11296.0,1.0
theta[1189],0.317,0.163,0.006,0.619,0.002,0.001,11299.0,11630.0,1.0
theta[1031],-1.741,0.216,-2.149,-1.341,0.002,0.002,11075.0,12219.0,1.0
theta[846],0.957,0.146,0.68,1.232,0.002,0.001,7381.0,11490.0,1.0
theta[814],-0.361,0.208,-0.749,0.03,0.002,0.002,14947.0,12322.0,1.0
theta[167],1.259,0.15,0.978,1.537,0.002,0.001,7686.0,12340.0,1.0
theta[571],-0.825,0.194,-1.201,-0.461,0.002,0.002,12063.0,11809.0,1.0
theta[91],0.449,0.144,0.177,0.717,0.001,0.001,9531.0,12890.0,1.0
theta[1154],0.855,0.153,0.559,1.131,0.002,0.001,8374.0,11349.0,1.0
theta[347],1.384,0.145,1.113,1.661,0.002,0.001,6693.0,9194.0,1.0
theta[1023],0.208,0.151,-0.072,0.493,0.002,0.001,9919.0,13136.0,1.0
theta[593],0.23,0.162,-0.074,0.537,0.002,0.001,11226.0,11878.0,1.0
theta[65],1.141,0.175,0.815,1.472,0.002,0.001,10221.0,11484.0,1.0
theta[1163],1.116,0.149,0.831,1.393,0.002,0.001,8072.0,11044.0,1.0
theta[229],1.281,0.158,0.983,1.58,0.002,0.001,7530.0,12109.0,1.0
theta[911],1.237,0.155,0.949,1.53,0.002,0.001,6710.0,10142.0,1.0
theta[861],0.95,0.149,0.671,1.231,0.002,0.001,7563.0,11617.0,1.0
theta[1133],1.2,0.141,0.931,1.456,0.002,0.001,5696.0,11506.0,1.0
theta[191],0.963,0.144,0.689,1.228,0.002,0.001,7259.0,11364.0,1.0
theta[10],0.943,0.152,0.658,1.23,0.002,0.001,8612.0,12483.0,1.0
theta[949],1.006,0.148,0.727,1.283,0.002,0.001,6457.0,11400.0,1.0
theta[127],1.159,0.142,0.9,1.438,0.002,0.001,6838.0,11101.0,1.0
theta[881],0.879,0.164,0.57,1.185,0.002,0.001,8499.0,12741.0,1.0
theta[502],0.224,0.181,-0.121,0.564,0.002,0.002,14205.0,12758.0,1.0
theta[468],1.126,0.145,0.854,1.398,0.002,0.001,6215.0,10729.0,1.0
theta[1115],0.503,0.163,0.189,0.803,0.002,0.001,10191.0,12832.0,1.0
theta[223],1.076,0.139,0.817,1.336,0.002,0.001,5864.0,10091.0,1.0
theta[319],0.41,0.18,0.064,0.745,0.002,0.002,11517.0,12859.0,1.0
theta[697],1.009,0.216,0.602,1.416,0.002,0.002,13021.0,13339.0,1.0
theta[436],1.243,0.151,0.954,1.524,0.002,0.001,6756.0,9568.0,1.0
theta[115],0.375,0.161,0.079,0.682,0.001,0.001,11550.0,12545.0,1.0
theta[384],0.858,0.154,0.575,1.154,0.002,0.001,7635.0,12159.0,1.0
theta[1081],0.637,0.155,0.351,0.932,0.002,0.001,9693.0,11907.0,1.0
theta[1027],0.124,0.168,-0.19,0.441,0.002,0.001,11261.0,12938.0,1.0
theta[667],1.249,0.145,0.987,1.531,0.002,0.001,6920.0,10906.0,1.0
theta[909],0.226,0.186,-0.127,0.574,0.002,0.002,12781.0,12521.0,1.0
theta[1044],0.699,0.156,0.402,0.985,0.002,0.001,8700.0,10670.0,1.0
theta[302],1.2,0.141,0.935,1.462,0.002,0.001,6875.0,11566.0,1.0
theta[1076],0.325,0.147,0.043,0.59,0.002,0.001,8904.0,10742.0,1.0
theta[230],1.174,0.147,0.894,1.445,0.002,0.001,7652.0,11631.0,1.0
theta[921],0.68,0.159,0.399,0.997,0.002,0.001,9480.0,11904.0,1.0
theta[1178],0.699,0.15,0.423,0.986,0.002,0.001,8550.0,11335.0,1.0
theta[729],0.945,0.151,0.658,1.23,0.002,0.001,7469.0,12719.0,1.0
theta[714],-0.702,0.165,-1.017,-0.396,0.002,0.001,10803.0,13596.0,1.0
theta[72],0.919,0.147,0.644,1.199,0.002,0.001,7237.0,10863.0,1.0
theta[454],0.341,0.158,0.041,0.633,0.002,0.001,10768.0,13359.0,1.0
theta[289],0.757,0.144,0.487,1.027,0.002,0.001,6985.0,11615.0,1.0
theta[771],1.012,0.149,0.738,1.294,0.002,0.001,7173.0,11964.0,1.0
theta[422],1.161,0.179,0.822,1.491,0.002,0.001,9986.0,11760.0,1.0
theta[544],0.525,0.159,0.219,0.815,0.002,0.001,9873.0,12800.0,1.0
theta[788],1.01,0.168,0.703,1.332,0.002,0.001,8523.0,12521.0,1.0
theta[936],0.757,0.155,0.467,1.049,0.002,0.001,8609.0,10769.0,1.0
theta[287],0.785,0.149,0.508,1.065,0.002,0.001,8550.0,11028.0,1.0
theta[31],0.833,0.159,0.534,1.13,0.002,0.001,9691.0,11942.0,1.0
theta[120],1.077,0.143,0.81,1.349,0.002,0.001,7213.0,10896.0,1.0
theta[871],0.245,0.147,-0.026,0.527,0.002,0.001,8720.0,12494.0,1.0
theta[353],0.468,0.156,0.175,0.756,0.002,0.001,9171.0,12475.0,1.0
theta[348],0.824,0.141,0.555,1.082,0.002,0.001,7371.0,11447.0,1.0
theta[1039],0.656,0.163,0.359,0.969,0.002,0.001,9221.0,12187.0,1.0
theta[1104],1.424,0.144,1.155,1.694,0.002,0.001,5596.0,10537.0,1.0
theta[858],1.307,0.16,1.005,1.605,0.002,0.001,6148.0,11361.0,1.0
sigma[3],-0.384,0.03,-0.443,-0.33,0.001,0.0,736.0,2475.0,1.01
sigma[12],-0.059,0.03,-0.114,-0.003,0.001,0.001,599.0,1503.0,1.01
sigma[29],-1.791,0.035,-1.856,-1.723,0.001,0.001,684.0,1823.0,1.01
sigma[11],0.354,0.013,0.33,0.378,0.0,0.0,3667.0,10169.0,1.0
sigma[1],-0.421,0.034,-0.486,-0.358,0.001,0.0,819.0,2347.0,1.01
sigma[2],-0.024,0.024,-0.071,0.02,0.001,0.0,1201.0,3665.0,1.0
sigma[5],-1.107,0.031,-1.165,-1.047,0.001,0.0,1172.0,3701.0,1.0
sigma[18],0.695,0.039,0.621,0.766,0.002,0.001,589.0,1539.0,1.01
sigma[24],-0.055,0.04,-0.13,0.021,0.002,0.001,587.0,1631.0,1.01
sigma[30],-0.234,0.035,-0.299,-0.169,0.001,0.001,642.0,1383.0,1.01
sigma[0],0.361,0.023,0.317,0.403,0.001,0.0,1971.0,6149.0,1.0
sigma[8],-0.141,0.045,-0.227,-0.055,0.002,0.001,630.0,1308.0,1.01
sigma[14],1.182,0.021,1.144,1.222,0.001,0.0,1163.0,3205.0,1.0
sigma[20],-0.872,0.023,-0.916,-0.828,0.001,0.0,1972.0,6222.0,1.0
sigma[27],0.065,0.037,-0.005,0.135,0.001,0.0,1058.0,3888.0,1.0
sigma[7],0.489,0.038,0.416,0.56,0.002,0.001,566.0,1189.0,1.01
sigma[9],0.338,0.029,0.283,0.392,0.001,0.0,618.0,1578.0,1.01
sigma[13],0.879,0.036,0.81,0.945,0.001,0.001,644.0,1389.0,1.01
sigma[23],0.181,0.033,0.121,0.243,0.001,0.0,735.0,2201.0,1.01
sigma[6],-2.063,0.032,-2.125,-2.004,0.001,0.0,818.0,2122.0,1.0
sigma[17],0.332,0.035,0.268,0.398,0.002,0.001,506.0,1044.0,1.01
sigma[25],-0.277,0.037,-0.348,-0.212,0.001,0.001,865.0,2182.0,1.01
sigma[15],-0.207,0.024,-0.252,-0.16,0.001,0.0,624.0,1874.0,1.01
sigma[10],-0.081,0.022,-0.121,-0.04,0.001,0.0,1051.0,3466.0,1.0
sigma[16],0.038,0.037,-0.032,0.106,0.001,0.0,858.0,2112.0,1.0
sigma[19],-1.22,0.029,-1.274,-1.165,0.001,0.0,858.0,2629.0,1.0
sigma[26],0.297,0.032,0.238,0.359,0.001,0.001,607.0,1736.0,1.01
sigma[31],0.5,0.034,0.434,0.562,0.001,0.001,650.0,2073.0,1.01
sigma[4],-0.101,0.03,-0.158,-0.044,0.001,0.0,723.0,1698.0,1.01
sigma[21],1.522,0.024,1.477,1.567,0.001,0.0,860.0,2160.0,1.0
sigma[22],-0.87,0.025,-0.916,-0.823,0.0,0.0,2469.0,7216.0,1.0
sigma[28],-0.659,0.033,-0.72,-0.596,0.001,0.0,885.0,2704.0,1.0
nu_log__[0],0.003,0.024,-0.042,0.048,0.0,0.0,19153.0,14483.0,1.0
nu_log__[1],0.41,0.03,0.355,0.467,0.0,0.0,18149.0,14490.0,1.0
nu_log__[2],-0.571,0.019,-0.606,-0.535,0.0,0.0,28352.0,14346.0,1.0
nu_log__[3],1.599,0.041,1.519,1.673,0.0,0.0,27596.0,14188.0,1.0
nu_log__[4],-0.407,0.02,-0.445,-0.37,0.0,0.0,21415.0,14690.0,1.0
nu_log__[5],-0.16,0.021,-0.197,-0.12,0.0,0.0,27727.0,15303.0,1.0
nu_log__[6],-0.127,0.024,-0.172,-0.082,0.0,0.0,19073.0,15358.0,1.0
nu_log__[7],0.06,0.028,0.008,0.113,0.0,0.0,16172.0,14994.0,1.0
nu_log__[8],-0.153,0.026,-0.202,-0.105,0.0,0.0,17332.0,14518.0,1.0
nu_log__[9],-0.169,0.023,-0.212,-0.125,0.0,0.0,20850.0,14702.0,1.0
nu_log__[10],1.007,0.049,0.917,1.102,0.0,0.0,12147.0,13981.0,1.0
nu_log__[11],-0.602,0.021,-0.642,-0.563,0.0,0.0,23441.0,15126.0,1.0
nu_log__[12],0.893,0.037,0.825,0.961,0.0,0.0,19525.0,15303.0,1.0
nu_log__[13],0.522,0.033,0.461,0.586,0.0,0.0,16300.0,14707.0,1.0
nu_log__[14],-0.345,0.023,-0.388,-0.302,0.0,0.0,18174.0,14959.0,1.0
nu_log__[15],0.11,0.027,0.059,0.159,0.0,0.0,17190.0,15547.0,1.0
nu_log__[16],0.185,0.025,0.139,0.231,0.0,0.0,21934.0,14786.0,1.0
nu_log__[17],0.431,0.035,0.364,0.495,0.0,0.0,15230.0,13993.0,1.0
nu_log__[18],-0.35,0.021,-0.387,-0.31,0.0,0.0,26314.0,15800.0,1.0
nu_log__[19],0.075,0.026,0.026,0.125,0.0,0.0,17486.0,15435.0,1.0
nu_log__[20],0.569,0.036,0.503,0.638,0.0,0.0,14654.0,14022.0,1.0
nu_log__[21],-0.59,0.02,-0.627,-0.554,0.0,0.0,24437.0,14623.0,1.0
nu_log__[22],1.079,0.045,0.993,1.162,0.0,0.0,17786.0,14230.0,1.0
nu_log__[23],0.884,0.037,0.814,0.954,0.0,0.0,18122.0,15118.0,1.0
nu_log__[24],-0.735,0.019,-0.769,-0.699,0.0,0.0,25485.0,14728.0,1.0
nu_log__[25],0.378,0.03,0.321,0.435,0.0,0.0,16404.0,14303.0,1.0
nu_log__[26],0.176,0.026,0.128,0.225,0.0,0.0,19781.0,15600.0,1.0
nu_log__[27],0.033,0.027,-0.019,0.083,0.0,0.0,17192.0,14968.0,1.0
nu_log__[28],0.121,0.025,0.073,0.168,0.0,0.0,20930.0,15410.0,1.0
nu_log__[29],1.265,0.057,1.161,1.373,0.0,0.0,13245.0,14626.0,1.0
nu_log__[30],-0.087,0.023,-0.13,-0.044,0.0,0.0,23164.0,15734.0,1.0
nu_log__[31],-0.455,0.02,-0.492,-0.417,0.0,0.0,25809.0,15546.0,1.0
nu[3],1.004,0.024,0.959,1.05,0.0,0.0,19153.0,14483.0,1.0
nu[12],1.508,0.045,1.425,1.594,0.0,0.0,18149.0,14490.0,1.0
nu[29],0.565,0.011,0.544,0.584,0.0,0.0,28352.0,14346.0,1.0
nu[11],4.951,0.203,4.57,5.33,0.001,0.002,27596.0,14188.0,1.0
nu[1],0.666,0.013,0.641,0.691,0.0,0.0,21415.0,14690.0,1.0
nu[2],0.853,0.017,0.821,0.887,0.0,0.0,27727.0,15303.0,1.0
nu[5],0.881,0.021,0.841,0.92,0.0,0.0,19073.0,15358.0,1.0
nu[18],1.062,0.03,1.005,1.116,0.0,0.0,16172.0,14994.0,1.0
nu[24],0.859,0.022,0.817,0.9,0.0,0.0,17332.0,14518.0,1.0
nu[30],0.844,0.02,0.809,0.882,0.0,0.0,20850.0,14702.0,1.0
nu[0],2.74,0.134,2.478,2.984,0.001,0.001,12147.0,13981.0,1.0
nu[8],0.548,0.011,0.526,0.569,0.0,0.0,23441.0,15126.0,1.0
nu[14],2.445,0.09,2.281,2.615,0.001,0.001,19525.0,15303.0,1.0
nu[20],1.687,0.056,1.582,1.792,0.0,0.0,16300.0,14707.0,1.0
nu[27],0.708,0.016,0.678,0.74,0.0,0.0,18174.0,14959.0,1.0
nu[7],1.117,0.03,1.061,1.172,0.0,0.0,17190.0,15547.0,1.0
nu[9],1.204,0.03,1.149,1.26,0.0,0.0,21934.0,14786.0,1.0
nu[13],1.54,0.054,1.44,1.641,0.0,0.0,15230.0,13993.0,1.0
nu[23],0.705,0.014,0.679,0.733,0.0,0.0,26314.0,15800.0,1.0
nu[6],1.079,0.028,1.027,1.134,0.0,0.0,17486.0,15435.0,1.0
nu[17],1.767,0.063,1.649,1.887,0.001,0.0,14654.0,14022.0,1.0
nu[25],0.555,0.011,0.534,0.575,0.0,0.0,24437.0,14623.0,1.0
nu[15],2.943,0.133,2.698,3.194,0.001,0.001,17786.0,14230.0,1.0
nu[10],2.423,0.09,2.254,2.592,0.001,0.001,18122.0,15118.0,1.0
nu[16],0.48,0.009,0.464,0.497,0.0,0.0,25485.0,14728.0,1.0
nu[19],1.46,0.044,1.378,1.545,0.0,0.0,16404.0,14303.0,1.0
nu[26],1.193,0.031,1.133,1.249,0.0,0.0,19781.0,15600.0,1.0
nu[31],1.034,0.028,0.981,1.087,0.0,0.0,17192.0,14968.0,1.0
nu[4],1.129,0.028,1.076,1.183,0.0,0.0,20930.0,15410.0,1.0
nu[21],3.547,0.202,3.171,3.924,0.002,0.001,13245.0,14626.0,1.0
nu[22],0.917,0.021,0.878,0.956,0.0,0.0,23164.0,15734.0,1.0
nu[28],0.635,0.013,0.611,0.658,0.0,0.0,25809.0,15546.0,1.0
